EN,ASCII,Description,Compositional_strategy,Attribute
mad face,>:(,ASCII art '>:(' representing mad face,Direct,EMOTION
sly wink,;),ASCII art ';)' representing sly wink,Direct,EMOTION
airplane symbol,✈,ASCII art '✈' representing airplane symbol,Single,OBJECT
snoring,zzzzzz,ASCII art 'zzzzzz' representing snoring,Reduplication,STATE
star icon,*,ASCII art '*' representing star icon,Direct,OBJECT
joyful face,:),ASCII art ':)' representing joyful face,Direct,EMOTION
cross mark,✗,ASCII art '✗' representing cross mark,Single,QUALITY
star pattern,*** ** *,ASCII art '*** ** *' representing star pattern,Semantic List,OBJECT
finger shooting,(☞ﾟヮﾟ)☞,ASCII art '(☞ﾟヮﾟ)☞' representing finger shooting,Metaphorical,ACTION
enraged expression,>:(,ASCII art '>:(' representing enraged expression,Direct,EMOTION
strong left,<<<<<<,ASCII art '<<<<<<' representing strong left,Reduplication,ACTION
love icon,<3,ASCII art '<3' representing love icon,Direct,OBJECT
three stars,* * *,ASCII art '* * *' representing three stars,Semantic List,OBJECT
circle shape,o,ASCII art 'o' representing circle shape,Direct,OBJECT
person waving,_o/,ASCII art '_o/' representing person waving,Direct,ACTION
dancing to music,┌(・。・)┘♪,ASCII art '┌(・。・)┘♪' representing dancing to music,Metaphorical,ACTION
downcast expression,:(,ASCII art ':(' representing downcast expression,Direct,EMOTION
elated,:D,ASCII art ':D' representing elated,Direct,EMOTION
intense anger,(╬ಠ益ಠ),ASCII art '(╬ಠ益ಠ)' representing intense anger,Metaphorical,EMOTION
pointing right,-->,ASCII art '-->' representing pointing right,Direct,OBJECT
android smile,(҂◡_◡),ASCII art '(҂◡_◡)' representing android smile,Metaphorical,QUALITY
jubilant,:D,ASCII art ':D' representing jubilant,Direct,EMOTION
gentle grasp,ლ(╹◡╹ლ),ASCII art 'ლ(╹◡╹ლ)' representing gentle grasp,Metaphorical,ACTION
blowing kiss,( ˘ ³˘)♥,ASCII art '( ˘ ³˘)♥' representing blowing kiss,Metaphorical,ACTION
wave pattern,~~~,ASCII art '~~~' representing wave pattern,Direct,OBJECT
concerned look,(ㆆ_ㆆ),ASCII art '(ㆆ_ㆆ)' representing concerned look,Metaphorical,EMOTION
disapproval stare,ಠ_ಠ,ASCII art 'ಠ_ಠ' representing disapproval stare,Metaphorical,EMOTION
romantic heart,<3,ASCII art '<3' representing romantic heart,Direct,OBJECT
cute smile,(｡◕‿◕｡),ASCII art '(｡◕‿◕｡)' representing cute smile,Metaphorical,EMOTION
android smile,(҂◡_◡),ASCII art '(҂◡_◡)' representing android smile,Metaphorical,QUALITY
putting on glasses,( •_•)>⌐■-■,ASCII art '( •_•)>⌐■-■' representing putting on glasses,Metaphorical,ACTION
offering hug,(っ◔◡◔)っ,ASCII art '(っ◔◡◔)っ' representing offering hug,Metaphorical,ACTION
flexing muscles,ᕙ(⇀‸↼‶)ᕗ,ASCII art 'ᕙ(⇀‸↼‶)ᕗ' representing flexing muscles,Metaphorical,ACTION
person celebrating,\o_,ASCII art '\o_' representing person celebrating,Direct,ACTION
winking eye,;),ASCII art ';)' representing winking eye,Direct,EMOTION
double point,(☞ﾟヮﾟ)☞,ASCII art '(☞ﾟヮﾟ)☞' representing double point,Metaphorical,ACTION
very happy,:D,ASCII art ':D' representing very happy,Direct,EMOTION
broken love,</3,ASCII art '</3' representing broken love,Direct,OBJECT
pure happiness,＼(^o^)／,ASCII art '＼(^o^)／' representing pure happiness,Metaphorical,EMOTION
on the floor,OTL,ASCII art 'OTL' representing on the floor,Direct,ACTION
heartbreak,</3,ASCII art '</3' representing heartbreak,Direct,OBJECT
hands together,_/\_,ASCII art '_/\_' representing hands together,Direct,ACTION
finger shooting,(☞ﾟヮﾟ)☞,ASCII art '(☞ﾟヮﾟ)☞' representing finger shooting,Metaphorical,ACTION
love struck,(｡♥‿♥｡),ASCII art '(｡♥‿♥｡)' representing love struck,Metaphorical,EMOTION
back and forth,>>> <<<,ASCII art '>>> <<<' representing back and forth,Semantic List,ACTION
hands raised,\o/,ASCII art '\o/' representing hands raised,Direct,ACTION
playful tongue,:P,ASCII art ':P' representing playful tongue,Direct,EMOTION
bright star,*,ASCII art '*' representing bright star,Direct,OBJECT
putting table back,┬─┬ノ( º _ ºノ),ASCII art '┬─┬ノ( º _ ºノ)' representing putting table back,Metaphorical,ACTION
x marks,XXX X X,ASCII art 'XXX X X' representing x marks,Semantic List,OBJECT
energetic dance,♪┏(・o･)┛♪,ASCII art '♪┏(・o･)┛♪' representing energetic dance,Metaphorical,ACTION
heart shape,<3,ASCII art '<3' representing heart shape,Direct,OBJECT
tears of joy,ಥ_ಥ,ASCII art 'ಥ_ಥ' representing tears of joy,Metaphorical,EMOTION
mad face,>:(,ASCII art '>:(' representing mad face,Direct,EMOTION
strong will,(๑•̀ㅂ•́)و✧,ASCII art '(๑•̀ㅂ•́)و✧' representing strong will,Metaphorical,QUALITY
long equals,======,ASCII art '======' representing long equals,Reduplication,OBJECT
back and forth,>>> <<<,ASCII art '>>> <<<' representing back and forth,Semantic List,ACTION
putting table back,┬─┬ノ( º _ ºノ),ASCII art '┬─┬ノ( º _ ºノ)' representing putting table back,Metaphorical,ACTION
long equals,======,ASCII art '======' representing long equals,Reduplication,OBJECT
steadfast spirit,(๑•̀ㅂ•́)و✧,ASCII art '(๑•̀ㅂ•́)و✧' representing steadfast spirit,Metaphorical,QUALITY
pointing fingers,(☞ﾟヮﾟ)☞,ASCII art '(☞ﾟヮﾟ)☞' representing pointing fingers,Metaphorical,ACTION
broken heart,</3,ASCII art '</3' representing broken heart,Direct,OBJECT
heart shape,<3,ASCII art '<3' representing heart shape,Direct,OBJECT
prayer gesture,_/\_,ASCII art '_/\_' representing prayer gesture,Direct,ACTION
gentle smile,(✿◠‿◠),ASCII art '(✿◠‿◠)' representing gentle smile,Metaphorical,EMOTION
box shape,[],ASCII art '[]' representing box shape,Direct,OBJECT
sly expression,(¬‿¬),ASCII art '(¬‿¬)' representing sly expression,Metaphorical,EMOTION
mad face,>:(,ASCII art '>:(' representing mad face,Direct,EMOTION
happy walking,♪~ ᕕ(ᐛ)ᕗ,ASCII art '♪~ ᕕ(ᐛ)ᕗ' representing happy walking,Metaphorical,ACTION
deep bow,orz,ASCII art 'orz' representing deep bow,Direct,ACTION
extreme frustration,(╯°□°）╯︵ ┻━┻,ASCII art '(╯°□°）╯︵ ┻━┻' representing extreme frustration,Metaphorical,EMOTION
many downs,vvvvvv,ASCII art 'vvvvvv' representing many downs,Reduplication,ACTION
cool demeanor,(⌐■_■),ASCII art '(⌐■_■)' representing cool demeanor,Metaphorical,QUALITY
jubilant,:D,ASCII art ':D' representing jubilant,Direct,EMOTION
clueless,¯\_(ツ)_/¯,ASCII art '¯\_(ツ)_/¯' representing clueless,Metaphorical,STATE
clueless,¯\_(ツ)_/¯,ASCII art '¯\_(ツ)_/¯' representing clueless,Metaphorical,STATE
joyful celebration,╰(*°▽°*)╯,ASCII art '╰(*°▽°*)╯' representing joyful celebration,Metaphorical,EMOTION
weeping face,T_T,ASCII art 'T_T' representing weeping face,Direct,EMOTION
shock and confusion,!!! ???,ASCII art '!!! ???' representing shock and confusion,Semantic List,STATE
backslash pattern,\\ \ \\,ASCII art '\\ \ \\' representing backslash pattern,Semantic List,OBJECT
neutral observation,(•_•),ASCII art '(•_•)' representing neutral observation,Metaphorical,STATE
prayer gesture,_/\_,ASCII art '_/\_' representing prayer gesture,Direct,ACTION
angry face,>:(,ASCII art '>:(' representing angry face,Direct,EMOTION
determined spirit,(๑•̀ㅂ•́)و✧,ASCII art '(๑•̀ㅂ•́)و✧' representing determined spirit,Metaphorical,QUALITY
circle pattern,ooo o o,ASCII art 'ooo o o' representing circle pattern,Semantic List,OBJECT
concerned look,(ㆆ_ㆆ),ASCII art '(ㆆ_ㆆ)' representing concerned look,Metaphorical,EMOTION
very upset,D:,ASCII art 'D:' representing very upset,Direct,EMOTION
sleeping deeply,zzzzzz,ASCII art 'zzzzzz' representing sleeping deeply,Reduplication,STATE
fast asleep,zzzzzz,ASCII art 'zzzzzz' representing fast asleep,Reduplication,STATE
star icon,*,ASCII art '*' representing star icon,Direct,OBJECT
heartbreak,</3,ASCII art '</3' representing heartbreak,Direct,OBJECT
smiling,:-),ASCII art ':-)' representing smiling,Direct,EMOTION
star pattern,*** ** *,ASCII art '*** ** *' representing star pattern,Semantic List,OBJECT
calm attitude,(⌐■_■),ASCII art '(⌐■_■)' representing calm attitude,Metaphorical,QUALITY
on the floor,OTL,ASCII art 'OTL' representing on the floor,Direct,ACTION
escalating confusion,??? ? ?,ASCII art '??? ? ?' representing escalating confusion,Semantic List,STATE
sound sleep,zzzzzz,ASCII art 'zzzzzz' representing sound sleep,Reduplication,STATE
no idea,¯\_(ツ)_/¯,ASCII art '¯\_(ツ)_/¯' representing no idea,Metaphorical,STATE
many pluses,++++++,ASCII art '++++++' representing many pluses,Reduplication,OBJECT
very upset,D:,ASCII art 'D:' representing very upset,Direct,EMOTION
reverse arrows,<- <-- <---,ASCII art '<- <-- <---' representing reverse arrows,Semantic List,ACTION
dancing happily,〜(￣▽￣〜),ASCII art '〜(￣▽￣〜)' representing dancing happily,Metaphorical,ACTION
arrow progression,-> --> --->,ASCII art '-> --> --->' representing arrow progression,Semantic List,ACTION
cool gesture,(☞ﾟヮﾟ)☞,ASCII art '(☞ﾟヮﾟ)☞' representing cool gesture,Metaphorical,ACTION
swaying dance,(~˘▾˘)~,ASCII art '(~˘▾˘)~' representing swaying dance,Metaphorical,ACTION
shocked,:-O,ASCII art ':-O' representing shocked,Direct,EMOTION
clueless,¯\_(ツ)_/¯,ASCII art '¯\_(ツ)_/¯' representing clueless,Metaphorical,STATE
greeting wave,o/,ASCII art 'o/' representing greeting wave,Direct,ACTION
hash pattern,###,ASCII art '###' representing hash pattern,Direct,OBJECT
fading lines,--- - -,ASCII art '--- - -' representing fading lines,Semantic List,OBJECT
strong left,<<<<<<,ASCII art '<<<<<<' representing strong left,Reduplication,ACTION
extreme emphasis,!!!!!,ASCII art '!!!!!' representing extreme emphasis,Reduplication,EMOTION
sobbing expression,T_T,ASCII art 'T_T' representing sobbing expression,Direct,EMOTION
bracket types,[ ] { } ( ),ASCII art '[ ] { } ( )' representing bracket types,Semantic List,OBJECT
deepening confusion,??? ? ?,ASCII art '??? ? ?' representing deepening confusion,Semantic List,STATE
blowing kiss,( ˘ ³˘)♥,ASCII art '( ˘ ³˘)♥' representing blowing kiss,Metaphorical,ACTION
sad heart,</3,ASCII art '</3' representing sad heart,Direct,OBJECT
star struck,*_*,ASCII art '*_*' representing star struck,Direct,EMOTION
hello gesture,o/,ASCII art 'o/' representing hello gesture,Direct,ACTION
mad face,>:(,ASCII art '>:(' representing mad face,Direct,EMOTION
love struck,(｡♥‿♥｡),ASCII art '(｡♥‿♥｡)' representing love struck,Metaphorical,EMOTION
reverent bow,orz,ASCII art 'orz' representing reverent bow,Direct,ACTION
composed look,(⌐■_■),ASCII art '(⌐■_■)' representing composed look,Metaphorical,QUALITY
excited arms,\o/,ASCII art '\o/' representing excited arms,Direct,ACTION
overjoyed,:D,ASCII art ':D' representing overjoyed,Direct,EMOTION
neutral observation,(•_•),ASCII art '(•_•)' representing neutral observation,Metaphorical,STATE
broken love,</3,ASCII art '</3' representing broken love,Direct,OBJECT
hand wave,o/,ASCII art 'o/' representing hand wave,Direct,ACTION
cool demeanor,(⌐■_■),ASCII art '(⌐■_■)' representing cool demeanor,Metaphorical,QUALITY
crying sadly,(ಥ﹏ಥ),ASCII art '(ಥ﹏ಥ)' representing crying sadly,Metaphorical,EMOTION
determined spirit,(๑•̀ㅂ•́)و✧,ASCII art '(๑•̀ㅂ•́)و✧' representing determined spirit,Metaphorical,QUALITY
offering hug,(っ◔◡◔)っ,ASCII art '(っ◔◡◔)っ' representing offering hug,Metaphorical,ACTION
many ups,^^^^^^,ASCII art '^^^^^^' representing many ups,Reduplication,ACTION
weird fighter,(ง ͠° ͟ل͜ ͡°)ง,ASCII art '(ง ͠° ͟ل͜ ͡°)ง' representing weird fighter,Metaphorical,STATE
bar pattern,|| | ||,ASCII art '|| | ||' representing bar pattern,Semantic List,OBJECT
hollow star,☆,ASCII art '☆' representing hollow star,Single,OBJECT
happy walking,♪~ ᕕ(ᐛ)ᕗ,ASCII art '♪~ ᕕ(ᐛ)ᕗ' representing happy walking,Metaphorical,ACTION
deepening confusion,??? ? ?,ASCII art '??? ? ?' representing deepening confusion,Semantic List,STATE
strong right,>>>>>>,ASCII art '>>>>>>' representing strong right,Reduplication,ACTION
lots of money,$$$$$$,ASCII art '$$$$$$' representing lots of money,Reduplication,OBJECT
curly brackets,{},ASCII art '{}' representing curly brackets,Direct,OBJECT
cute smile,(｡◕‿◕｡),ASCII art '(｡◕‿◕｡)' representing cute smile,Metaphorical,EMOTION
finger shooting,(☞ﾟヮﾟ)☞,ASCII art '(☞ﾟヮﾟ)☞' representing finger shooting,Metaphorical,ACTION
bowing down,orz,ASCII art 'orz' representing bowing down,Direct,ACTION
weird fighter,(ง ͠° ͟ل͜ ͡°)ง,ASCII art '(ง ͠° ͟ل͜ ͡°)ง' representing weird fighter,Metaphorical,STATE
cheerful face,:),ASCII art ':)' representing cheerful face,Direct,EMOTION
wavy line,~~~~~~,ASCII art '~~~~~~' representing wavy line,Reduplication,OBJECT
crying face,T_T,ASCII art 'T_T' representing crying face,Direct,EMOTION
resolute attitude,(๑•̀ㅂ•́)و✧,ASCII art '(๑•̀ㅂ•́)و✧' representing resolute attitude,Metaphorical,QUALITY
bracket types,[ ] { } ( ),ASCII art '[ ] { } ( )' representing bracket types,Semantic List,OBJECT
escalating confusion,??? ? ?,ASCII art '??? ? ?' representing escalating confusion,Semantic List,STATE
mounting confusion,??? ? ?,ASCII art '??? ? ?' representing mounting confusion,Semantic List,STATE
tears flowing,T_T,ASCII art 'T_T' representing tears flowing,Direct,EMOTION
no idea,¯\_(ツ)_/¯,ASCII art '¯\_(ツ)_/¯' representing no idea,Metaphorical,STATE
hello gesture,o/,ASCII art 'o/' representing hello gesture,Direct,ACTION
star shape,*,ASCII art '*' representing star shape,Direct,OBJECT
east arrow,-->,ASCII art '-->' representing east arrow,Direct,OBJECT
double point,(☞ﾟヮﾟ)☞,ASCII art '(☞ﾟヮﾟ)☞' representing double point,Metaphorical,ACTION
star shape,*,ASCII art '*' representing star shape,Direct,OBJECT
ecstatic,:D,ASCII art ':D' representing ecstatic,Direct,EMOTION
growing confusion,??? ? ?,ASCII art '??? ? ?' representing growing confusion,Semantic List,STATE
wave pattern,~~ ~ ~~,ASCII art '~~ ~ ~~' representing wave pattern,Semantic List,OBJECT
upset face,>:(,ASCII art '>:(' representing upset face,Direct,EMOTION
furious face,>:(,ASCII art '>:(' representing furious face,Direct,EMOTION
gentle grasp,ლ(╹◡╹ლ),ASCII art 'ლ(╹◡╹ლ)' representing gentle grasp,Metaphorical,ACTION
smiling,:-),ASCII art ':-)' representing smiling,Direct,EMOTION
increasing confusion,??? ? ?,ASCII art '??? ? ?' representing increasing confusion,Semantic List,STATE
on the floor,OTL,ASCII art 'OTL' representing on the floor,Direct,ACTION
happy walking,♪~ ᕕ(ᐛ)ᕗ,ASCII art '♪~ ᕕ(ᐛ)ᕗ' representing happy walking,Metaphorical,ACTION
sun,☀,ASCII art '☀' representing sun,Single,OBJECT
unsure,¯\_(ツ)_/¯,ASCII art '¯\_(ツ)_/¯' representing unsure,Metaphorical,STATE
energetic dance,♪┏(・o･)┛♪,ASCII art '♪┏(・o･)┛♪' representing energetic dance,Metaphorical,ACTION
pointing fingers,(☞ﾟヮﾟ)☞,ASCII art '(☞ﾟヮﾟ)☞' representing pointing fingers,Metaphorical,ACTION
happy walking,♪~ ᕕ(ᐛ)ᕗ,ASCII art '♪~ ᕕ(ᐛ)ᕗ' representing happy walking,Metaphorical,ACTION
annoyed expression,-_-,ASCII art '-_-' representing annoyed expression,Direct,EMOTION
collected manner,(⌐■_■),ASCII art '(⌐■_■)' representing collected manner,Metaphorical,QUALITY
at symbols,@@@ @ @,ASCII art '@@@ @ @' representing at symbols,Semantic List,OBJECT
farewell wave,o/,ASCII art 'o/' representing farewell wave,Direct,ACTION
resolute attitude,(๑•̀ㅂ•́)و✧,ASCII art '(๑•̀ㅂ•́)و✧' representing resolute attitude,Metaphorical,QUALITY
joyful celebration,╰(*°▽°*)╯,ASCII art '╰(*°▽°*)╯' representing joyful celebration,Metaphorical,EMOTION
box shape,[],ASCII art '[]' representing box shape,Direct,OBJECT
ready to fight,(ง •̀_•́)ง,ASCII art '(ง •̀_•́)ง' representing ready to fight,Metaphorical,STATE
irritated look,>:(,ASCII art '>:(' representing irritated look,Direct,EMOTION
romantic heart,<3,ASCII art '<3' representing romantic heart,Direct,OBJECT
escalating confusion,??? ? ?,ASCII art '??? ? ?' representing escalating confusion,Semantic List,STATE
unsure,¯\_(ツ)_/¯,ASCII art '¯\_(ツ)_/¯' representing unsure,Metaphorical,STATE
hand wave,o/,ASCII art 'o/' representing hand wave,Direct,ACTION
finger point,(☞ﾟヮﾟ)☞,ASCII art '(☞ﾟヮﾟ)☞' representing finger point,Metaphorical,ACTION
unsure,¯\_(ツ)_/¯,ASCII art '¯\_(ツ)_/¯' representing unsure,Metaphorical,STATE
weird fighter,(ง ͠° ͟ل͜ ͡°)ง,ASCII art '(ง ͠° ͟ل͜ ͡°)ง' representing weird fighter,Metaphorical,STATE
ready to fight,(ง •̀_•́)ง,ASCII art '(ง •̀_•́)ง' representing ready to fight,Metaphorical,STATE
many ups,^^^^^^,ASCII art '^^^^^^' representing many ups,Reduplication,ACTION
yin yang,☯,ASCII art '☯' representing yin yang,Single,OBJECT
wave pattern,~~ ~ ~~,ASCII art '~~ ~ ~~' representing wave pattern,Semantic List,OBJECT
box shape,[],ASCII art '[]' representing box shape,Direct,OBJECT
creepy reach,(つ ͡° ͜ʖ ͡°)つ,ASCII art '(つ ͡° ͜ʖ ͡°)つ' representing creepy reach,Metaphorical,ACTION
at symbols,@@@ @ @,ASCII art '@@@ @ @' representing at symbols,Semantic List,OBJECT
cheering arms,\o/,ASCII art '\o/' representing cheering arms,Direct,ACTION
very happy,:D,ASCII art ':D' representing very happy,Direct,EMOTION
multiple hearts,<3 <3 <3,ASCII art '<3 <3 <3' representing multiple hearts,Semantic List,EMOTION
slash pattern,// / //,ASCII art '// / //' representing slash pattern,Semantic List,OBJECT
heart shape,<3,ASCII art '<3' representing heart shape,Direct,OBJECT
cute smile,(｡◕‿◕｡),ASCII art '(｡◕‿◕｡)' representing cute smile,Metaphorical,EMOTION
hash pattern,###,ASCII art '###' representing hash pattern,Direct,OBJECT
melancholy face,:(,ASCII art ':(' representing melancholy face,Direct,EMOTION
flexing muscles,ᕙ(⇀‸↼‶)ᕗ,ASCII art 'ᕙ(⇀‸↼‶)ᕗ' representing flexing muscles,Metaphorical,ACTION
direction right,-->,ASCII art '-->' representing direction right,Direct,OBJECT
pleading hands,_/\_,ASCII art '_/\_' representing pleading hands,Direct,ACTION
suave pose,(⌐■_■),ASCII art '(⌐■_■)' representing suave pose,Metaphorical,QUALITY
vertical lines,|||,ASCII art '|||' representing vertical lines,Direct,OBJECT
hash pattern,###,ASCII art '###' representing hash pattern,Direct,OBJECT
group smiling,=) =) =),ASCII art '=) =) =)' representing group smiling,Semantic List,EMOTION
putting table back,┬─┬ノ( º _ ºノ),ASCII art '┬─┬ノ( º _ ºノ)' representing putting table back,Metaphorical,ACTION
suave pose,(⌐■_■),ASCII art '(⌐■_■)' representing suave pose,Metaphorical,QUALITY
ready to fight,(ง •̀_•́)ง,ASCII art '(ง •̀_•́)ง' representing ready to fight,Metaphorical,STATE
reverse arrows,<- <-- <---,ASCII art '<- <-- <---' representing reverse arrows,Semantic List,ACTION
parentheses,(),ASCII art '()' representing parentheses,Direct,OBJECT
swaying dance,(~˘▾˘)~,ASCII art '(~˘▾˘)~' representing swaying dance,Metaphorical,ACTION
hello gesture,o/,ASCII art 'o/' representing hello gesture,Direct,ACTION
gentle grasp,ლ(╹◡╹ლ),ASCII art 'ლ(╹◡╹ლ)' representing gentle grasp,Metaphorical,ACTION
mounting confusion,??? ? ?,ASCII art '??? ? ?' representing mounting confusion,Semantic List,STATE
crying pattern,TT T TT,ASCII art 'TT T TT' representing crying pattern,Semantic List,EMOTION
finger point,(☞ﾟヮﾟ)☞,ASCII art '(☞ﾟヮﾟ)☞' representing finger point,Metaphorical,ACTION
swaying dance,(~˘▾˘)~,ASCII art '(~˘▾˘)~' representing swaying dance,Metaphorical,ACTION
irritated look,>:(,ASCII art '>:(' representing irritated look,Direct,EMOTION
intense anger,(╬ಠ益ಠ),ASCII art '(╬ಠ益ಠ)' representing intense anger,Metaphorical,EMOTION
energetic dance,♪┏(・o･)┛♪,ASCII art '♪┏(・o･)┛♪' representing energetic dance,Metaphorical,ACTION
x marks,XXX X X,ASCII art 'XXX X X' representing x marks,Semantic List,OBJECT
many pluses,++++++,ASCII art '++++++' representing many pluses,Reduplication,OBJECT
prayer gesture,_/\_,ASCII art '_/\_' representing prayer gesture,Direct,ACTION
shining star,*,ASCII art '*' representing shining star,Direct,OBJECT
flexing muscles,ᕙ(⇀‸↼‶)ᕗ,ASCII art 'ᕙ(⇀‸↼‶)ᕗ' representing flexing muscles,Metaphorical,ACTION
praying hands,_/\_,ASCII art '_/\_' representing praying hands,Direct,ACTION
content face,:),ASCII art ':)' representing content face,Direct,EMOTION
playful wink,;),ASCII art ';)' representing playful wink,Direct,EMOTION
cool attitude,(⌐■_■),ASCII art '(⌐■_■)' representing cool attitude,Metaphorical,QUALITY
cool attitude,(⌐■_■),ASCII art '(⌐■_■)' representing cool attitude,Metaphorical,QUALITY
many ats,@@@@@@,ASCII art '@@@@@@' representing many ats,Reduplication,OBJECT
swaying dance,(~˘▾˘)~,ASCII art '(~˘▾˘)~' representing swaying dance,Metaphorical,ACTION
grateful hands,_/\_,ASCII art '_/\_' representing grateful hands,Direct,ACTION
disapproval stare,ಠ_ಠ,ASCII art 'ಠ_ಠ' representing disapproval stare,Metaphorical,EMOTION
both hands up,\o/,ASCII art '\o/' representing both hands up,Direct,ACTION
heartbreak,</3,ASCII art '</3' representing heartbreak,Direct,OBJECT
flower girl,(◕‿◕✿),ASCII art '(◕‿◕✿)' representing flower girl,Metaphorical,QUALITY
composed look,(⌐■_■),ASCII art '(⌐■_■)' representing composed look,Metaphorical,QUALITY
content face,:),ASCII art ':)' representing content face,Direct,EMOTION
laughing sound,hahahahaha,ASCII art 'hahahahaha' representing laughing sound,Reduplication,EMOTION
wave pattern,~~~,ASCII art '~~~' representing wave pattern,Direct,OBJECT
cool attitude,(⌐■_■),ASCII art '(⌐■_■)' representing cool attitude,Metaphorical,QUALITY
long equals,======,ASCII art '======' representing long equals,Reduplication,OBJECT
pure happiness,＼(^o^)／,ASCII art '＼(^o^)／' representing pure happiness,Metaphorical,EMOTION
increasing confusion,??? ? ?,ASCII art '??? ? ?' representing increasing confusion,Semantic List,STATE
pointing back,☜(ﾟヮﾟ☜),ASCII art '☜(ﾟヮﾟ☜)' representing pointing back,Metaphorical,ACTION
praying hands,_/\_,ASCII art '_/\_' representing praying hands,Direct,ACTION
intense anger,(╬ಠ益ಠ),ASCII art '(╬ಠ益ಠ)' representing intense anger,Metaphorical,EMOTION
crying sadly,(ಥ﹏ಥ),ASCII art '(ಥ﹏ಥ)' representing crying sadly,Metaphorical,EMOTION
strong left,<<<<<<,ASCII art '<<<<<<' representing strong left,Reduplication,ACTION
tearful eyes,T_T,ASCII art 'T_T' representing tearful eyes,Direct,EMOTION
at symbols,@@@ @ @,ASCII art '@@@ @ @' representing at symbols,Semantic List,OBJECT
crying eyes,T_T,ASCII art 'T_T' representing crying eyes,Direct,EMOTION
cool demeanor,(⌐■_■),ASCII art '(⌐■_■)' representing cool demeanor,Metaphorical,QUALITY
vertical lines,|||,ASCII art '|||' representing vertical lines,Direct,OBJECT
showing strength,ᕦ(ò_óˇ)ᕤ,ASCII art 'ᕦ(ò_óˇ)ᕤ' representing showing strength,Metaphorical,ACTION
finger shooting,(☞ﾟヮﾟ)☞,ASCII art '(☞ﾟヮﾟ)☞' representing finger shooting,Metaphorical,ACTION
increasing excitement,!!! ! !,ASCII art '!!! ! !' representing increasing excitement,Semantic List,EMOTION
heart shape,<3,ASCII art '<3' representing heart shape,Direct,OBJECT
swaying dance,(~˘▾˘)~,ASCII art '(~˘▾˘)~' representing swaying dance,Metaphorical,ACTION
flower girl,(◕‿◕✿),ASCII art '(◕‿◕✿)' representing flower girl,Metaphorical,QUALITY
arrow left,<--,ASCII art '<--' representing arrow left,Direct,OBJECT
deep sleep,zzzzzz,ASCII art 'zzzzzz' representing deep sleep,Reduplication,STATE
ampersands,&&& & &,ASCII art '&&& & &' representing ampersands,Semantic List,OBJECT
circle shape,o,ASCII art 'o' representing circle shape,Direct,OBJECT
resolute attitude,(๑•̀ㅂ•́)و✧,ASCII art '(๑•̀ㅂ•́)و✧' representing resolute attitude,Metaphorical,QUALITY
pure happiness,＼(^o^)／,ASCII art '＼(^o^)／' representing pure happiness,Metaphorical,EMOTION
suave pose,(⌐■_■),ASCII art '(⌐■_■)' representing suave pose,Metaphorical,QUALITY
vertical lines,|||,ASCII art '|||' representing vertical lines,Direct,OBJECT
slash pattern,// / //,ASCII art '// / //' representing slash pattern,Semantic List,OBJECT
star struck,*_*,ASCII art '*_*' representing star struck,Direct,EMOTION
reverse arrows,<- <-- <---,ASCII art '<- <-- <---' representing reverse arrows,Semantic List,ACTION
victory pose,\o/,ASCII art '\o/' representing victory pose,Direct,ACTION
putting on glasses,( •_•)>⌐■-■,ASCII art '( •_•)>⌐■-■' representing putting on glasses,Metaphorical,ACTION
cool dancing,ヾ(⌐■_■)ノ♪,ASCII art 'ヾ(⌐■_■)ノ♪' representing cool dancing,Metaphorical,ACTION
cool gesture,(☞ﾟヮﾟ)☞,ASCII art '(☞ﾟヮﾟ)☞' representing cool gesture,Metaphorical,ACTION
percent signs,%%% % %,ASCII art '%%% % %' representing percent signs,Semantic List,OBJECT
happy eyes pattern,^^ ^ ^^,ASCII art '^^ ^ ^^' representing happy eyes pattern,Semantic List,EMOTION
dancing to music,┌(・。・)┘♪,ASCII art '┌(・。・)┘♪' representing dancing to music,Metaphorical,ACTION
raising hand,\o,ASCII art '\o' representing raising hand,Direct,ACTION
cheerful face,:),ASCII art ':)' representing cheerful face,Direct,EMOTION
cool gesture,(☞ﾟヮﾟ)☞,ASCII art '(☞ﾟヮﾟ)☞' representing cool gesture,Metaphorical,ACTION
swaying dance,(~˘▾˘)~,ASCII art '(~˘▾˘)~' representing swaying dance,Metaphorical,ACTION
sorrowful face,:(,ASCII art ':(' representing sorrowful face,Direct,EMOTION
asterisk pattern,***,ASCII art '***' representing asterisk pattern,Direct,OBJECT
hash pattern,###,ASCII art '###' representing hash pattern,Direct,OBJECT
surprised,:-O,ASCII art ':-O' representing surprised,Direct,EMOTION
gentle grasp,ლ(╹◡╹ლ),ASCII art 'ლ(╹◡╹ლ)' representing gentle grasp,Metaphorical,ACTION
putting on glasses,( •_•)>⌐■-■,ASCII art '( •_•)>⌐■-■' representing putting on glasses,Metaphorical,ACTION
envelope symbol,✉,ASCII art '✉' representing envelope symbol,Single,OBJECT
no idea,¯\_(ツ)_/¯,ASCII art '¯\_(ツ)_/¯' representing no idea,Metaphorical,STATE
back and forth,>>> <<<,ASCII art '>>> <<<' representing back and forth,Semantic List,ACTION
increasing confusion,??? ? ?,ASCII art '??? ? ?' representing increasing confusion,Semantic List,STATE
many percents,%%%%%%,ASCII art '%%%%%%' representing many percents,Reduplication,OBJECT
on the floor,OTL,ASCII art 'OTL' representing on the floor,Direct,ACTION
extremely happy,:D,ASCII art ':D' representing extremely happy,Direct,EMOTION
cool attitude,(⌐■_■),ASCII art '(⌐■_■)' representing cool attitude,Metaphorical,QUALITY
ready to fight,(ง •̀_•́)ง,ASCII art '(ง •̀_•́)ง' representing ready to fight,Metaphorical,STATE
increasing excitement,!!! ! !,ASCII art '!!! ! !' representing increasing excitement,Semantic List,EMOTION
unwavering resolve,(๑•̀ㅂ•́)و✧,ASCII art '(๑•̀ㅂ•́)و✧' representing unwavering resolve,Metaphorical,QUALITY
gentle smile,(✿◠‿◠),ASCII art '(✿◠‿◠)' representing gentle smile,Metaphorical,EMOTION
x marks,XXX X X,ASCII art 'XXX X X' representing x marks,Semantic List,OBJECT
sly expression,(¬‿¬),ASCII art '(¬‿¬)' representing sly expression,Metaphorical,EMOTION
sly wink,;),ASCII art ';)' representing sly wink,Direct,EMOTION
crying pattern,TT T TT,ASCII art 'TT T TT' representing crying pattern,Semantic List,EMOTION
smiling face,:),ASCII art ':)' representing smiling face,Direct,EMOTION
gentle smile,(✿◠‿◠),ASCII art '(✿◠‿◠)' representing gentle smile,Metaphorical,EMOTION
growing confusion,??? ? ?,ASCII art '??? ? ?' representing growing confusion,Semantic List,STATE
don't know,¯\_(ツ)_/¯,ASCII art '¯\_(ツ)_/¯' representing don't know,Metaphorical,STATE
happy eyes,^_^,ASCII art '^_^' representing happy eyes,Direct,EMOTION
sly wink,;),ASCII art ';)' representing sly wink,Direct,EMOTION
diamond shape,<>,ASCII art '<>' representing diamond shape,Direct,OBJECT
putting on glasses,( •_•)>⌐■-■,ASCII art '( •_•)>⌐■-■' representing putting on glasses,Metaphorical,ACTION
tears of joy,ಥ_ಥ,ASCII art 'ಥ_ಥ' representing tears of joy,Metaphorical,EMOTION
dancing happily,〜(￣▽￣〜),ASCII art '〜(￣▽￣〜)' representing dancing happily,Metaphorical,ACTION
deep bow,orz,ASCII art 'orz' representing deep bow,Direct,ACTION
horizontal line,___,ASCII art '___' representing horizontal line,Direct,OBJECT
prayer gesture,_/\_,ASCII art '_/\_' representing prayer gesture,Direct,ACTION
very happy,:D,ASCII art ':D' representing very happy,Direct,EMOTION
growing confusion,??? ? ?,ASCII art '??? ? ?' representing growing confusion,Semantic List,STATE
waving hand,o/,ASCII art 'o/' representing waving hand,Direct,ACTION
star struck,*_*,ASCII art '*_*' representing star struck,Direct,EMOTION
escalating confusion,??? ? ?,ASCII art '??? ? ?' representing escalating confusion,Semantic List,STATE
long line,------,ASCII art '------' representing long line,Reduplication,OBJECT
cheering arms,\o/,ASCII art '\o/' representing cheering arms,Direct,ACTION
hash pattern,###,ASCII art '###' representing hash pattern,Direct,OBJECT
music note,♪,ASCII art '♪' representing music note,Single,OBJECT
celebrating gesture,\o/,ASCII art '\o/' representing celebrating gesture,Direct,ACTION
tears flowing,T_T,ASCII art 'T_T' representing tears flowing,Direct,EMOTION
upset face,>:(,ASCII art '>:(' representing upset face,Direct,EMOTION
farewell wave,o/,ASCII art 'o/' representing farewell wave,Direct,ACTION
furious face,>:(,ASCII art '>:(' representing furious face,Direct,EMOTION
group sadness,:( :( :(,ASCII art ':( :( :(' representing group sadness,Semantic List,EMOTION
finger guns,(☞ﾟヮﾟ)☞,ASCII art '(☞ﾟヮﾟ)☞' representing finger guns,Metaphorical,ACTION
continuous laughing,lolololol,ASCII art 'lolololol' representing continuous laughing,Reduplication,EMOTION
waving hand,o/,ASCII art 'o/' representing waving hand,Direct,ACTION
calm attitude,(⌐■_■),ASCII art '(⌐■_■)' representing calm attitude,Metaphorical,QUALITY
wide eyed,(◉_◉),ASCII art '(◉_◉)' representing wide eyed,Metaphorical,STATE
excited arms,\o/,ASCII art '\o/' representing excited arms,Direct,ACTION
disapproval stare,ಠ_ಠ,ASCII art 'ಠ_ಠ' representing disapproval stare,Metaphorical,EMOTION
humble gesture,orz,ASCII art 'orz' representing humble gesture,Direct,ACTION
downcast expression,:(,ASCII art ':(' representing downcast expression,Direct,EMOTION
annoyed expression,-_-,ASCII art '-_-' representing annoyed expression,Direct,EMOTION
cheering arms,\o/,ASCII art '\o/' representing cheering arms,Direct,ACTION
wave pattern,~~~,ASCII art '~~~' representing wave pattern,Direct,OBJECT
group sadness,:( :( :(,ASCII art ':( :( :(' representing group sadness,Semantic List,EMOTION
shattered heart,</3,ASCII art '</3' representing shattered heart,Direct,OBJECT
very happy,:D,ASCII art ':D' representing very happy,Direct,EMOTION
broken love,</3,ASCII art '</3' representing broken love,Direct,OBJECT
diamond shape,<>,ASCII art '<>' representing diamond shape,Direct,OBJECT
cool dancing,ヾ(⌐■_■)ノ♪,ASCII art 'ヾ(⌐■_■)ノ♪' representing cool dancing,Metaphorical,ACTION
finger point,(☞ﾟヮﾟ)☞,ASCII art '(☞ﾟヮﾟ)☞' representing finger point,Metaphorical,ACTION
putting on glasses,( •_•)>⌐■-■,ASCII art '( •_•)>⌐■-■' representing putting on glasses,Metaphorical,ACTION
finger point,(☞ﾟヮﾟ)☞,ASCII art '(☞ﾟヮﾟ)☞' representing finger point,Metaphorical,ACTION
love heart,<3,ASCII art '<3' representing love heart,Direct,OBJECT
happy eyes,^_^,ASCII art '^_^' representing happy eyes,Direct,EMOTION
growing confusion,??? ? ?,ASCII art '??? ? ?' representing growing confusion,Semantic List,STATE
finger guns,(☞ﾟヮﾟ)☞,ASCII art '(☞ﾟヮﾟ)☞' representing finger guns,Metaphorical,ACTION
victory pose,\o/,ASCII art '\o/' representing victory pose,Direct,ACTION
laughing sound,hahahahaha,ASCII art 'hahahahaha' representing laughing sound,Reduplication,EMOTION
cross mark,✗,ASCII art '✗' representing cross mark,Single,QUALITY
dizzy face,@_@,ASCII art '@_@' representing dizzy face,Direct,EMOTION
energetic dance,♪┏(・o･)┛♪,ASCII art '♪┏(・o･)┛♪' representing energetic dance,Metaphorical,ACTION
tearful eyes,T_T,ASCII art 'T_T' representing tearful eyes,Direct,EMOTION
raising hand,\o,ASCII art '\o' representing raising hand,Direct,ACTION
don't know,¯\_(ツ)_/¯,ASCII art '¯\_(ツ)_/¯' representing don't know,Metaphorical,STATE
putting on glasses,( •_•)>⌐■-■,ASCII art '( •_•)>⌐■-■' representing putting on glasses,Metaphorical,ACTION
stellar symbol,*,ASCII art '*' representing stellar symbol,Direct,OBJECT
smiling face,:),ASCII art ':)' representing smiling face,Direct,EMOTION
strong will,(๑•̀ㅂ•́)و✧,ASCII art '(๑•̀ㅂ•́)و✧' representing strong will,Metaphorical,QUALITY
confused look,o_O,ASCII art 'o_O' representing confused look,Direct,EMOTION
pure happiness,＼(^o^)／,ASCII art '＼(^o^)／' representing pure happiness,Metaphorical,EMOTION
celebrating gesture,\o/,ASCII art '\o/' representing celebrating gesture,Direct,ACTION
up and down,^^^ vvv,ASCII art '^^^ vvv' representing up and down,Semantic List,ACTION
shattered heart,</3,ASCII art '</3' representing shattered heart,Direct,OBJECT
back and forth,>>> <<<,ASCII art '>>> <<<' representing back and forth,Semantic List,ACTION
don't know,¯\_(ツ)_/¯,ASCII art '¯\_(ツ)_/¯' representing don't know,Metaphorical,STATE
cool demeanor,(⌐■_■),ASCII art '(⌐■_■)' representing cool demeanor,Metaphorical,QUALITY
stellar symbol,*,ASCII art '*' representing stellar symbol,Direct,OBJECT
joyful face,:),ASCII art ':)' representing joyful face,Direct,EMOTION
pointing fingers,(☞ﾟヮﾟ)☞,ASCII art '(☞ﾟヮﾟ)☞' representing pointing fingers,Metaphorical,ACTION
fast asleep,zzzzzz,ASCII art 'zzzzzz' representing fast asleep,Reduplication,STATE
happy eyes,^_^,ASCII art '^_^' representing happy eyes,Direct,EMOTION
sleeping deeply,zzzzzz,ASCII art 'zzzzzz' representing sleeping deeply,Reduplication,STATE
sad face,:(,ASCII art ':(' representing sad face,Direct,EMOTION
many ats,@@@@@@,ASCII art '@@@@@@' representing many ats,Reduplication,OBJECT
kissy hug,(づ￣ ³￣)づ,ASCII art '(づ￣ ³￣)づ' representing kissy hug,Metaphorical,ACTION
hello gesture,o/,ASCII art 'o/' representing hello gesture,Direct,ACTION
broken heart,</3,ASCII art '</3' representing broken heart,Direct,OBJECT
star struck,*_*,ASCII art '*_*' representing star struck,Direct,EMOTION
wave pattern,~~~,ASCII art '~~~' representing wave pattern,Direct,OBJECT
hearty laugh,XD,ASCII art 'XD' representing hearty laugh,Direct,EMOTION
fading lines,--- - -,ASCII art '--- - -' representing fading lines,Semantic List,OBJECT
do not know,¯\_(ツ)_/¯,ASCII art '¯\_(ツ)_/¯' representing do not know,Metaphorical,STATE
pleased expression,:),ASCII art ':)' representing pleased expression,Direct,EMOTION
tearful face,:(,ASCII art ':(' representing tearful face,Direct,EMOTION
affection symbol,<3,ASCII art '<3' representing affection symbol,Direct,OBJECT
elated,:D,ASCII art ':D' representing elated,Direct,EMOTION
many ats,@@@@@@,ASCII art '@@@@@@' representing many ats,Reduplication,OBJECT
energetic dance,♪┏(・o･)┛♪,ASCII art '♪┏(・o･)┛♪' representing energetic dance,Metaphorical,ACTION
raising hand,\o,ASCII art '\o' representing raising hand,Direct,ACTION
prostration,orz,ASCII art 'orz' representing prostration,Direct,ACTION
star symbol,*,ASCII art '*' representing star symbol,Direct,OBJECT
frowning,:-(,ASCII art ':-(' representing frowning,Direct,EMOTION
creepy reach,(つ ͡° ͜ʖ ͡°)つ,ASCII art '(つ ͡° ͜ʖ ͡°)つ' representing creepy reach,Metaphorical,ACTION
ellipsis pattern,.. . ..,ASCII art '.. . ..' representing ellipsis pattern,Semantic List,STATE
deepening confusion,??? ? ?,ASCII art '??? ? ?' representing deepening confusion,Semantic List,STATE
strong will,(๑•̀ㅂ•́)و✧,ASCII art '(๑•̀ㅂ•́)و✧' representing strong will,Metaphorical,QUALITY
big laugh,XD,ASCII art 'XD' representing big laugh,Direct,EMOTION
respectful bow,orz,ASCII art 'orz' representing respectful bow,Direct,ACTION
surprised,:-O,ASCII art ':-O' representing surprised,Direct,EMOTION
ampersands,&&& & &,ASCII art '&&& & &' representing ampersands,Semantic List,OBJECT
shocked face,:O,ASCII art ':O' representing shocked face,Direct,EMOTION
asterisk pattern,***,ASCII art '***' representing asterisk pattern,Direct,OBJECT
group sadness,:( :( :(,ASCII art ':( :( :(' representing group sadness,Semantic List,EMOTION
group smiling,=) =) =),ASCII art '=) =) =)' representing group smiling,Semantic List,EMOTION
guffawing,XD,ASCII art 'XD' representing guffawing,Direct,EMOTION
wave pattern,~~~,ASCII art '~~~' representing wave pattern,Direct,OBJECT
mounting confusion,??? ? ?,ASCII art '??? ? ?' representing mounting confusion,Semantic List,STATE
deep bow,orz,ASCII art 'orz' representing deep bow,Direct,ACTION
content smile,=),ASCII art '=)' representing content smile,Direct,EMOTION
crying sadly,(ಥ﹏ಥ),ASCII art '(ಥ﹏ಥ)' representing crying sadly,Metaphorical,EMOTION
circle shape,o,ASCII art 'o' representing circle shape,Direct,OBJECT
pointing fingers,(☞ﾟヮﾟ)☞,ASCII art '(☞ﾟヮﾟ)☞' representing pointing fingers,Metaphorical,ACTION
suave pose,(⌐■_■),ASCII art '(⌐■_■)' representing suave pose,Metaphorical,QUALITY
frowning,:-(,ASCII art ':-(' representing frowning,Direct,EMOTION
farewell wave,o/,ASCII art 'o/' representing farewell wave,Direct,ACTION
waving hand,o/,ASCII art 'o/' representing waving hand,Direct,ACTION
victory pose,\o/,ASCII art '\o/' representing victory pose,Direct,ACTION
happy eyes pattern,^^ ^ ^^,ASCII art '^^ ^ ^^' representing happy eyes pattern,Semantic List,EMOTION
hearty laugh,XD,ASCII art 'XD' representing hearty laugh,Direct,EMOTION
love struck,(｡♥‿♥｡),ASCII art '(｡♥‿♥｡)' representing love struck,Metaphorical,EMOTION
extreme frustration,(╯°□°）╯︵ ┻━┻,ASCII art '(╯°□°）╯︵ ┻━┻' representing extreme frustration,Metaphorical,EMOTION
finger guns,(☞ﾟヮﾟ)☞,ASCII art '(☞ﾟヮﾟ)☞' representing finger guns,Metaphorical,ACTION
excited arms,\o/,ASCII art '\o/' representing excited arms,Direct,ACTION
content smile,=),ASCII art '=)' representing content smile,Direct,EMOTION
star pattern,*** ** *,ASCII art '*** ** *' representing star pattern,Semantic List,OBJECT
taken aback,:-O,ASCII art ':-O' representing taken aback,Direct,EMOTION
airplane symbol,✈,ASCII art '✈' representing airplane symbol,Single,OBJECT
composed look,(⌐■_■),ASCII art '(⌐■_■)' representing composed look,Metaphorical,QUALITY
cool attitude,(⌐■_■),ASCII art '(⌐■_■)' representing cool attitude,Metaphorical,QUALITY
deepening confusion,??? ? ?,ASCII art '??? ? ?' representing deepening confusion,Semantic List,STATE
flower girl,(◕‿◕✿),ASCII art '(◕‿◕✿)' representing flower girl,Metaphorical,QUALITY
gentle grasp,ლ(╹◡╹ლ),ASCII art 'ლ(╹◡╹ლ)' representing gentle grasp,Metaphorical,ACTION
ampersands,&&& & &,ASCII art '&&& & &' representing ampersands,Semantic List,OBJECT
wide eyed,(◉_◉),ASCII art '(◉_◉)' representing wide eyed,Metaphorical,STATE
pleased expression,:),ASCII art ':)' representing pleased expression,Direct,EMOTION
overjoyed,:D,ASCII art ':D' representing overjoyed,Direct,EMOTION
irritated look,>:(,ASCII art '>:(' representing irritated look,Direct,EMOTION
steadfast spirit,(๑•̀ㅂ•́)و✧,ASCII art '(๑•̀ㅂ•́)و✧' representing steadfast spirit,Metaphorical,QUALITY
very happy,:D,ASCII art ':D' representing very happy,Direct,EMOTION
bowing down,orz,ASCII art 'orz' representing bowing down,Direct,ACTION
cloud symbol,☁,ASCII art '☁' representing cloud symbol,Single,OBJECT
clueless,¯\_(ツ)_/¯,ASCII art '¯\_(ツ)_/¯' representing clueless,Metaphorical,STATE
shocked,:-O,ASCII art ':-O' representing shocked,Direct,EMOTION
wavy line,~~~~~~,ASCII art '~~~~~~' representing wavy line,Reduplication,OBJECT
arrow down,v,ASCII art 'v' representing arrow down,Direct,OBJECT
calm attitude,(⌐■_■),ASCII art '(⌐■_■)' representing calm attitude,Metaphorical,QUALITY
finger point,(☞ﾟヮﾟ)☞,ASCII art '(☞ﾟヮﾟ)☞' representing finger point,Metaphorical,ACTION
flower girl,(◕‿◕✿),ASCII art '(◕‿◕✿)' representing flower girl,Metaphorical,QUALITY
suave pose,(⌐■_■),ASCII art '(⌐■_■)' representing suave pose,Metaphorical,QUALITY
wide eyed,(◉_◉),ASCII art '(◉_◉)' representing wide eyed,Metaphorical,STATE
many percents,%%%%%%,ASCII art '%%%%%%' representing many percents,Reduplication,OBJECT
laughing hard,XD,ASCII art 'XD' representing laughing hard,Direct,EMOTION
showing strength,ᕦ(ò_óˇ)ᕤ,ASCII art 'ᕦ(ò_óˇ)ᕤ' representing showing strength,Metaphorical,ACTION
friendly wave,o/,ASCII art 'o/' representing friendly wave,Direct,ACTION
angry face,>:(,ASCII art '>:(' representing angry face,Direct,EMOTION
arrow right,-->,ASCII art '-->' representing arrow right,Direct,OBJECT
music notes,♬,ASCII art '♬' representing music notes,Single,OBJECT
adding more,+++ + +,ASCII art '+++ + +' representing adding more,Semantic List,ACTION
wavy line,~~~~~~,ASCII art '~~~~~~' representing wavy line,Reduplication,OBJECT
tears flowing,T_T,ASCII art 'T_T' representing tears flowing,Direct,EMOTION
total confusion,?????,ASCII art '?????' representing total confusion,Reduplication,STATE
bowing down,orz,ASCII art 'orz' representing bowing down,Direct,ACTION
pure happiness,＼(^o^)／,ASCII art '＼(^o^)／' representing pure happiness,Metaphorical,EMOTION
group sadness,:( :( :(,ASCII art ':( :( :(' representing group sadness,Semantic List,EMOTION
cute smile,(｡◕‿◕｡),ASCII art '(｡◕‿◕｡)' representing cute smile,Metaphorical,EMOTION
energetic dance,♪┏(・o･)┛♪,ASCII art '♪┏(・o･)┛♪' representing energetic dance,Metaphorical,ACTION
confused face,:/,ASCII art ':/' representing confused face,Direct,EMOTION
furious face,>:(,ASCII art '>:(' representing furious face,Direct,EMOTION
hello gesture,o/,ASCII art 'o/' representing hello gesture,Direct,ACTION
dancing happily,〜(￣▽￣〜),ASCII art '〜(￣▽￣〜)' representing dancing happily,Metaphorical,ACTION
crushed heart,</3,ASCII art '</3' representing crushed heart,Direct,OBJECT
dancing happily,〜(￣▽￣〜),ASCII art '〜(￣▽￣〜)' representing dancing happily,Metaphorical,ACTION
upset face,>:(,ASCII art '>:(' representing upset face,Direct,EMOTION
hearty laugh,XD,ASCII art 'XD' representing hearty laugh,Direct,EMOTION
arrow right,-->,ASCII art '-->' representing arrow right,Direct,OBJECT
playful wink,;),ASCII art ';)' representing playful wink,Direct,EMOTION
pointing back,☜(ﾟヮﾟ☜),ASCII art '☜(ﾟヮﾟ☜)' representing pointing back,Metaphorical,ACTION
strong will,(๑•̀ㅂ•́)و✧,ASCII art '(๑•̀ㅂ•́)و✧' representing strong will,Metaphorical,QUALITY
arrow left,<--,ASCII art '<--' representing arrow left,Direct,OBJECT
sly expression,(¬‿¬),ASCII art '(¬‿¬)' representing sly expression,Metaphorical,EMOTION
prostration,orz,ASCII art 'orz' representing prostration,Direct,ACTION
love symbol,♥,ASCII art '♥' representing love symbol,Single,EMOTION
star shape,*,ASCII art '*' representing star shape,Direct,OBJECT
music note,♪,ASCII art '♪' representing music note,Single,OBJECT
vertical lines,|||,ASCII art '|||' representing vertical lines,Direct,OBJECT
person celebrating,\o_,ASCII art '\o_' representing person celebrating,Direct,ACTION
both hands up,\o/,ASCII art '\o/' representing both hands up,Direct,ACTION
collected manner,(⌐■_■),ASCII art '(⌐■_■)' representing collected manner,Metaphorical,QUALITY
heavy emphasis,######,ASCII art '######' representing heavy emphasis,Reduplication,OBJECT
flexing muscles,ᕙ(⇀‸↼‶)ᕗ,ASCII art 'ᕙ(⇀‸↼‶)ᕗ' representing flexing muscles,Metaphorical,ACTION
finger guns,(☞ﾟヮﾟ)☞,ASCII art '(☞ﾟヮﾟ)☞' representing finger guns,Metaphorical,ACTION
hands raised,\o/,ASCII art '\o/' representing hands raised,Direct,ACTION
cute smile,(｡◕‿◕｡),ASCII art '(｡◕‿◕｡)' representing cute smile,Metaphorical,EMOTION
celebrating gesture,\o/,ASCII art '\o/' representing celebrating gesture,Direct,ACTION
finger guns,(☞ﾟヮﾟ)☞,ASCII art '(☞ﾟヮﾟ)☞' representing finger guns,Metaphorical,ACTION
sad heart,</3,ASCII art '</3' representing sad heart,Direct,OBJECT
enraged expression,>:(,ASCII art '>:(' representing enraged expression,Direct,EMOTION
slash pattern,// / //,ASCII art '// / //' representing slash pattern,Semantic List,OBJECT
disapproval stare,ಠ_ಠ,ASCII art 'ಠ_ಠ' representing disapproval stare,Metaphorical,EMOTION
squinting eyes,>_<,ASCII art '>_<' representing squinting eyes,Direct,ACTION
android smile,(҂◡_◡),ASCII art '(҂◡_◡)' representing android smile,Metaphorical,QUALITY
irritated look,>:(,ASCII art '>:(' representing irritated look,Direct,EMOTION
group sadness,:( :( :(,ASCII art ':( :( :(' representing group sadness,Semantic List,EMOTION
up and down,^^^ vvv,ASCII art '^^^ vvv' representing up and down,Semantic List,ACTION
yin yang,☯,ASCII art '☯' representing yin yang,Single,OBJECT
concerned look,(ㆆ_ㆆ),ASCII art '(ㆆ_ㆆ)' representing concerned look,Metaphorical,EMOTION
happy eyes pattern,^^ ^ ^^,ASCII art '^^ ^ ^^' representing happy eyes pattern,Semantic List,EMOTION
sobbing expression,T_T,ASCII art 'T_T' representing sobbing expression,Direct,EMOTION
slash pattern,// / //,ASCII art '// / //' representing slash pattern,Semantic List,OBJECT
laughing loudly,XD,ASCII art 'XD' representing laughing loudly,Direct,EMOTION
joyful face,:),ASCII art ':)' representing joyful face,Direct,EMOTION
unhappy face,:(,ASCII art ':(' representing unhappy face,Direct,EMOTION
android smile,(҂◡_◡),ASCII art '(҂◡_◡)' representing android smile,Metaphorical,QUALITY
finger point,(☞ﾟヮﾟ)☞,ASCII art '(☞ﾟヮﾟ)☞' representing finger point,Metaphorical,ACTION
person celebrating,\o_,ASCII art '\o_' representing person celebrating,Direct,ACTION
calm attitude,(⌐■_■),ASCII art '(⌐■_■)' representing calm attitude,Metaphorical,QUALITY
wide eyed,(◉_◉),ASCII art '(◉_◉)' representing wide eyed,Metaphorical,STATE
angry face,>:(,ASCII art '>:(' representing angry face,Direct,EMOTION
crying face,T_T,ASCII art 'T_T' representing crying face,Direct,EMOTION
weeping face,T_T,ASCII art 'T_T' representing weeping face,Direct,EMOTION
sad heart,</3,ASCII art '</3' representing sad heart,Direct,OBJECT
carefree joy,ヽ(´▽`)/,ASCII art 'ヽ(´▽`)/' representing carefree joy,Metaphorical,EMOTION
percent signs,%%% % %,ASCII art '%%% % %' representing percent signs,Semantic List,OBJECT
ellipsis pattern,.. . ..,ASCII art '.. . ..' representing ellipsis pattern,Semantic List,STATE
loud laughter,XD,ASCII art 'XD' representing loud laughter,Direct,EMOTION
dancing to music,┌(・。・)┘♪,ASCII art '┌(・。・)┘♪' representing dancing to music,Metaphorical,ACTION
check mark,✓,ASCII art '✓' representing check mark,Single,QUALITY
airplane symbol,✈,ASCII art '✈' representing airplane symbol,Single,OBJECT
double point,(☞ﾟヮﾟ)☞,ASCII art '(☞ﾟヮﾟ)☞' representing double point,Metaphorical,ACTION
pleading hands,_/\_,ASCII art '_/\_' representing pleading hands,Direct,ACTION
putting table back,┬─┬ノ( º _ ºノ),ASCII art '┬─┬ノ( º _ ºノ)' representing putting table back,Metaphorical,ACTION
table flip rage,(ノಠ益ಠ)ノ彡┻━┻,ASCII art '(ノಠ益ಠ)ノ彡┻━┻' representing table flip rage,Metaphorical,EMOTION
strong left,<<<<<<,ASCII art '<<<<<<' representing strong left,Reduplication,ACTION
person waving,_o/,ASCII art '_o/' representing person waving,Direct,ACTION
don't know,¯\_(ツ)_/¯,ASCII art '¯\_(ツ)_/¯' representing don't know,Metaphorical,STATE
joyful celebration,╰(*°▽°*)╯,ASCII art '╰(*°▽°*)╯' representing joyful celebration,Metaphorical,EMOTION
uncertain,¯\_(ツ)_/¯,ASCII art '¯\_(ツ)_/¯' representing uncertain,Metaphorical,STATE
finger point,(☞ﾟヮﾟ)☞,ASCII art '(☞ﾟヮﾟ)☞' representing finger point,Metaphorical,ACTION
happy walking,♪~ ᕕ(ᐛ)ᕗ,ASCII art '♪~ ᕕ(ᐛ)ᕗ' representing happy walking,Metaphorical,ACTION
guffawing,XD,ASCII art 'XD' representing guffawing,Direct,EMOTION
furious face,>:(,ASCII art '>:(' representing furious face,Direct,EMOTION
double point,(☞ﾟヮﾟ)☞,ASCII art '(☞ﾟヮﾟ)☞' representing double point,Metaphorical,ACTION
pointing back,☜(ﾟヮﾟ☜),ASCII art '☜(ﾟヮﾟ☜)' representing pointing back,Metaphorical,ACTION
overjoyed,:D,ASCII art ':D' representing overjoyed,Direct,EMOTION
star pattern,*** ** *,ASCII art '*** ** *' representing star pattern,Semantic List,OBJECT
sly expression,(¬‿¬),ASCII art '(¬‿¬)' representing sly expression,Metaphorical,EMOTION
playful tongue,:P,ASCII art ':P' representing playful tongue,Direct,EMOTION
asterisk pattern,***,ASCII art '***' representing asterisk pattern,Direct,OBJECT
playful tongue,:P,ASCII art ':P' representing playful tongue,Direct,EMOTION
hands together,_/\_,ASCII art '_/\_' representing hands together,Direct,ACTION
smiling face,:),ASCII art ':)' representing smiling face,Direct,EMOTION
escalating confusion,??? ? ?,ASCII art '??? ? ?' representing escalating confusion,Semantic List,STATE
love symbol,♥,ASCII art '♥' representing love symbol,Single,EMOTION
disapproval stare,ಠ_ಠ,ASCII art 'ಠ_ಠ' representing disapproval stare,Metaphorical,EMOTION
broken heart,</3,ASCII art '</3' representing broken heart,Direct,OBJECT
reverse arrows,<- <-- <---,ASCII art '<- <-- <---' representing reverse arrows,Semantic List,ACTION
cloud symbol,☁,ASCII art '☁' representing cloud symbol,Single,OBJECT
parentheses,(),ASCII art '()' representing parentheses,Direct,OBJECT
calm attitude,(⌐■_■),ASCII art '(⌐■_■)' representing calm attitude,Metaphorical,QUALITY
percent signs,%%% % %,ASCII art '%%% % %' representing percent signs,Semantic List,OBJECT
kissy hug,(づ￣ ³￣)づ,ASCII art '(づ￣ ³￣)づ' representing kissy hug,Metaphorical,ACTION
love struck,(｡♥‿♥｡),ASCII art '(｡♥‿♥｡)' representing love struck,Metaphorical,EMOTION
pointing fingers,(☞ﾟヮﾟ)☞,ASCII art '(☞ﾟヮﾟ)☞' representing pointing fingers,Metaphorical,ACTION
heart symbol,<3,ASCII art '<3' representing heart symbol,Direct,OBJECT
total confusion,?????,ASCII art '?????' representing total confusion,Reduplication,STATE
happy walking,♪~ ᕕ(ᐛ)ᕗ,ASCII art '♪~ ᕕ(ᐛ)ᕗ' representing happy walking,Metaphorical,ACTION
pleased expression,:),ASCII art ':)' representing pleased expression,Direct,EMOTION
startled,:-O,ASCII art ':-O' representing startled,Direct,EMOTION
angry face,>:(,ASCII art '>:(' representing angry face,Direct,EMOTION
happy eyes,^_^,ASCII art '^_^' representing happy eyes,Direct,EMOTION
gentle grasp,ლ(╹◡╹ლ),ASCII art 'ლ(╹◡╹ლ)' representing gentle grasp,Metaphorical,ACTION
curly brackets,{},ASCII art '{}' representing curly brackets,Direct,OBJECT
double point,(☞ﾟヮﾟ)☞,ASCII art '(☞ﾟヮﾟ)☞' representing double point,Metaphorical,ACTION
concerned look,(ㆆ_ㆆ),ASCII art '(ㆆ_ㆆ)' representing concerned look,Metaphorical,EMOTION
slash pattern,// / //,ASCII art '// / //' representing slash pattern,Semantic List,OBJECT
hand wave,o/,ASCII art 'o/' representing hand wave,Direct,ACTION
laughing sound,hahahahaha,ASCII art 'hahahahaha' representing laughing sound,Reduplication,EMOTION
finger guns,(☞ﾟヮﾟ)☞,ASCII art '(☞ﾟヮﾟ)☞' representing finger guns,Metaphorical,ACTION
rightward arrow,-->,ASCII art '-->' representing rightward arrow,Direct,OBJECT
happy eyes,^_^,ASCII art '^_^' representing happy eyes,Direct,EMOTION
diamond shape,<>,ASCII art '<>' representing diamond shape,Direct,OBJECT
android smile,(҂◡_◡),ASCII art '(҂◡_◡)' representing android smile,Metaphorical,QUALITY
suggestive look,( ͡° ͜ʖ ͡°),ASCII art '( ͡° ͜ʖ ͡°)' representing suggestive look,Metaphorical,EMOTION
many percents,%%%%%%,ASCII art '%%%%%%' representing many percents,Reduplication,OBJECT
wide eyed,(◉_◉),ASCII art '(◉_◉)' representing wide eyed,Metaphorical,STATE
gentle smile,(✿◠‿◠),ASCII art '(✿◠‿◠)' representing gentle smile,Metaphorical,EMOTION
suave pose,(⌐■_■),ASCII art '(⌐■_■)' representing suave pose,Metaphorical,QUALITY
extreme laughter,XDXDXD,ASCII art 'XDXDXD' representing extreme laughter,Reduplication,EMOTION
love icon,<3,ASCII art '<3' representing love icon,Direct,OBJECT
intense anger,(╬ಠ益ಠ),ASCII art '(╬ಠ益ಠ)' representing intense anger,Metaphorical,EMOTION
slumbering,zzzzzz,ASCII art 'zzzzzz' representing slumbering,Reduplication,STATE
raising hand,\o,ASCII art '\o' representing raising hand,Direct,ACTION
neutral observation,(•_•),ASCII art '(•_•)' representing neutral observation,Metaphorical,STATE
ellipsis pattern,.. . ..,ASCII art '.. . ..' representing ellipsis pattern,Semantic List,STATE
box shape,[],ASCII art '[]' representing box shape,Direct,OBJECT
gentle smile,(✿◠‿◠),ASCII art '(✿◠‿◠)' representing gentle smile,Metaphorical,EMOTION
flexing muscles,ᕙ(⇀‸↼‶)ᕗ,ASCII art 'ᕙ(⇀‸↼‶)ᕗ' representing flexing muscles,Metaphorical,ACTION
cool dancing,ヾ(⌐■_■)ノ♪,ASCII art 'ヾ(⌐■_■)ノ♪' representing cool dancing,Metaphorical,ACTION
smiling,:-),ASCII art ':-)' representing smiling,Direct,EMOTION
double point,(☞ﾟヮﾟ)☞,ASCII art '(☞ﾟヮﾟ)☞' representing double point,Metaphorical,ACTION
heavy emphasis,######,ASCII art '######' representing heavy emphasis,Reduplication,OBJECT
affection symbol,<3,ASCII art '<3' representing affection symbol,Direct,OBJECT
offering hug,(っ◔◡◔)っ,ASCII art '(っ◔◡◔)っ' representing offering hug,Metaphorical,ACTION
grateful hands,_/\_,ASCII art '_/\_' representing grateful hands,Direct,ACTION
increasing confusion,??? ? ?,ASCII art '??? ? ?' representing increasing confusion,Semantic List,STATE
friendly wave,o/,ASCII art 'o/' representing friendly wave,Direct,ACTION
group sadness,:( :( :(,ASCII art ':( :( :(' representing group sadness,Semantic List,EMOTION
finger shooting,(☞ﾟヮﾟ)☞,ASCII art '(☞ﾟヮﾟ)☞' representing finger shooting,Metaphorical,ACTION
putting on glasses,( •_•)>⌐■-■,ASCII art '( •_•)>⌐■-■' representing putting on glasses,Metaphorical,ACTION
deepening confusion,??? ? ?,ASCII art '??? ? ?' representing deepening confusion,Semantic List,STATE
upset face,>:(,ASCII art '>:(' representing upset face,Direct,EMOTION
snoring,zzzzzz,ASCII art 'zzzzzz' representing snoring,Reduplication,STATE
do not know,¯\_(ツ)_/¯,ASCII art '¯\_(ツ)_/¯' representing do not know,Metaphorical,STATE
suggestive look,( ͡° ͜ʖ ͡°),ASCII art '( ͡° ͜ʖ ͡°)' representing suggestive look,Metaphorical,EMOTION
confused look,o_O,ASCII art 'o_O' representing confused look,Direct,EMOTION
love heart,<3,ASCII art '<3' representing love heart,Direct,OBJECT
weird fighter,(ง ͠° ͟ل͜ ͡°)ง,ASCII art '(ง ͠° ͟ل͜ ͡°)ง' representing weird fighter,Metaphorical,STATE
cool gesture,(☞ﾟヮﾟ)☞,ASCII art '(☞ﾟヮﾟ)☞' representing cool gesture,Metaphorical,ACTION
collected manner,(⌐■_■),ASCII art '(⌐■_■)' representing collected manner,Metaphorical,QUALITY
x marks,XXX X X,ASCII art 'XXX X X' representing x marks,Semantic List,OBJECT
long equals,======,ASCII art '======' representing long equals,Reduplication,OBJECT
tearful eyes,T_T,ASCII art 'T_T' representing tearful eyes,Direct,EMOTION
ecstatic,:D,ASCII art ':D' representing ecstatic,Direct,EMOTION
pointing fingers,(☞ﾟヮﾟ)☞,ASCII art '(☞ﾟヮﾟ)☞' representing pointing fingers,Metaphorical,ACTION
strong left,<<<<<<,ASCII art '<<<<<<' representing strong left,Reduplication,ACTION
plus signs,+++,ASCII art '+++' representing plus signs,Direct,OBJECT
star symbol,*,ASCII art '*' representing star symbol,Direct,OBJECT
reverse arrows,<- <-- <---,ASCII art '<- <-- <---' representing reverse arrows,Semantic List,ACTION
unwavering resolve,(๑•̀ㅂ•́)و✧,ASCII art '(๑•̀ㅂ•́)و✧' representing unwavering resolve,Metaphorical,QUALITY
grateful hands,_/\_,ASCII art '_/\_' representing grateful hands,Direct,ACTION
finger point,(☞ﾟヮﾟ)☞,ASCII art '(☞ﾟヮﾟ)☞' representing finger point,Metaphorical,ACTION
heart symbol,<3,ASCII art '<3' representing heart symbol,Direct,OBJECT
clueless,¯\_(ツ)_/¯,ASCII art '¯\_(ツ)_/¯' representing clueless,Metaphorical,STATE
friendly wave,o/,ASCII art 'o/' representing friendly wave,Direct,ACTION
mounting confusion,??? ? ?,ASCII art '??? ? ?' representing mounting confusion,Semantic List,STATE
growing confusion,??? ? ?,ASCII art '??? ? ?' representing growing confusion,Semantic List,STATE
blowing kiss,( ˘ ³˘)♥,ASCII art '( ˘ ³˘)♥' representing blowing kiss,Metaphorical,ACTION
arrow up,^,ASCII art '^' representing arrow up,Direct,OBJECT
bracket types,[ ] { } ( ),ASCII art '[ ] { } ( )' representing bracket types,Semantic List,OBJECT
lots of money,$$$$$$,ASCII art '$$$$$$' representing lots of money,Reduplication,OBJECT
fading lines,--- - -,ASCII art '--- - -' representing fading lines,Semantic List,OBJECT
blowing kiss,( ˘ ³˘)♥,ASCII art '( ˘ ³˘)♥' representing blowing kiss,Metaphorical,ACTION
calm attitude,(⌐■_■),ASCII art '(⌐■_■)' representing calm attitude,Metaphorical,QUALITY
wide eyed,(◉_◉),ASCII art '(◉_◉)' representing wide eyed,Metaphorical,STATE
arrow right,-->,ASCII art '-->' representing arrow right,Direct,OBJECT
on the floor,OTL,ASCII art 'OTL' representing on the floor,Direct,ACTION
winking eye,;),ASCII art ';)' representing winking eye,Direct,EMOTION
sad symbol,☹,ASCII art '☹' representing sad symbol,Single,EMOTION
excited arms,\o/,ASCII art '\o/' representing excited arms,Direct,ACTION
adding more,+++ + +,ASCII art '+++ + +' representing adding more,Semantic List,ACTION
pure happiness,＼(^o^)／,ASCII art '＼(^o^)／' representing pure happiness,Metaphorical,EMOTION
east arrow,-->,ASCII art '-->' representing east arrow,Direct,OBJECT
star shape,*,ASCII art '*' representing star shape,Direct,OBJECT
extremely happy,:D,ASCII art ':D' representing extremely happy,Direct,EMOTION
happy eyes pattern,^^ ^ ^^,ASCII art '^^ ^ ^^' representing happy eyes pattern,Semantic List,EMOTION
crushed heart,</3,ASCII art '</3' representing crushed heart,Direct,OBJECT
weird fighter,(ง ͠° ͟ل͜ ͡°)ง,ASCII art '(ง ͠° ͟ل͜ ͡°)ง' representing weird fighter,Metaphorical,STATE
fading lines,--- - -,ASCII art '--- - -' representing fading lines,Semantic List,OBJECT
cool dancing,ヾ(⌐■_■)ノ♪,ASCII art 'ヾ(⌐■_■)ノ♪' representing cool dancing,Metaphorical,ACTION
cool face,8),ASCII art '8)' representing cool face,Direct,EMOTION
praying hands,_/\_,ASCII art '_/\_' representing praying hands,Direct,ACTION
cool demeanor,(⌐■_■),ASCII art '(⌐■_■)' representing cool demeanor,Metaphorical,QUALITY
musical note,♫,ASCII art '♫' representing musical note,Single,OBJECT
ready to fight,(ง •̀_•́)ง,ASCII art '(ง •̀_•́)ง' representing ready to fight,Metaphorical,STATE
many ups,^^^^^^,ASCII art '^^^^^^' representing many ups,Reduplication,ACTION
crying eyes,T_T,ASCII art 'T_T' representing crying eyes,Direct,EMOTION
long line,------,ASCII art '------' representing long line,Reduplication,OBJECT
heavy emphasis,######,ASCII art '######' representing heavy emphasis,Reduplication,OBJECT
big laugh,XD,ASCII art 'XD' representing big laugh,Direct,EMOTION
steadfast spirit,(๑•̀ㅂ•́)و✧,ASCII art '(๑•̀ㅂ•́)و✧' representing steadfast spirit,Metaphorical,QUALITY
vertical lines,|||,ASCII art '|||' representing vertical lines,Direct,OBJECT
uncertain,¯\_(ツ)_/¯,ASCII art '¯\_(ツ)_/¯' representing uncertain,Metaphorical,STATE
unhappy face,:(,ASCII art ':(' representing unhappy face,Direct,EMOTION
deep sleep,zzzzzz,ASCII art 'zzzzzz' representing deep sleep,Reduplication,STATE
neutral observation,(•_•),ASCII art '(•_•)' representing neutral observation,Metaphorical,STATE
cheeky wink,;),ASCII art ';)' representing cheeky wink,Direct,EMOTION
one eye closed,;),ASCII art ';)' representing one eye closed,Direct,EMOTION
respectful bow,orz,ASCII art 'orz' representing respectful bow,Direct,ACTION
cheeky wink,;),ASCII art ';)' representing cheeky wink,Direct,EMOTION
farewell wave,o/,ASCII art 'o/' representing farewell wave,Direct,ACTION
cheerful face,:),ASCII art ':)' representing cheerful face,Direct,EMOTION
crying sadly,(ಥ﹏ಥ),ASCII art '(ಥ﹏ಥ)' representing crying sadly,Metaphorical,EMOTION
very upset,D:,ASCII art 'D:' representing very upset,Direct,EMOTION
hands on head,/o\,ASCII art '/o\' representing hands on head,Direct,ACTION
composed look,(⌐■_■),ASCII art '(⌐■_■)' representing composed look,Metaphorical,QUALITY
showing strength,ᕦ(ò_óˇ)ᕤ,ASCII art 'ᕦ(ò_óˇ)ᕤ' representing showing strength,Metaphorical,ACTION
reverent bow,orz,ASCII art 'orz' representing reverent bow,Direct,ACTION
happy walking,♪~ ᕕ(ᐛ)ᕗ,ASCII art '♪~ ᕕ(ᐛ)ᕗ' representing happy walking,Metaphorical,ACTION
broken love,</3,ASCII art '</3' representing broken love,Direct,OBJECT
at symbols,@@@ @ @,ASCII art '@@@ @ @' representing at symbols,Semantic List,OBJECT
at symbols,@@@ @ @,ASCII art '@@@ @ @' representing at symbols,Semantic List,OBJECT
carefree joy,ヽ(´▽`)/,ASCII art 'ヽ(´▽`)/' representing carefree joy,Metaphorical,EMOTION
three stars,* * *,ASCII art '* * *' representing three stars,Semantic List,OBJECT
offering hug,(っ◔◡◔)っ,ASCII art '(っ◔◡◔)っ' representing offering hug,Metaphorical,ACTION
cute smile,(｡◕‿◕｡),ASCII art '(｡◕‿◕｡)' representing cute smile,Metaphorical,EMOTION
wavy line,~~~~~~,ASCII art '~~~~~~' representing wavy line,Reduplication,OBJECT
parentheses,(),ASCII art '()' representing parentheses,Direct,OBJECT
bar pattern,|| | ||,ASCII art '|| | ||' representing bar pattern,Semantic List,OBJECT
hand wave,o/,ASCII art 'o/' representing hand wave,Direct,ACTION
back and forth,>>> <<<,ASCII art '>>> <<<' representing back and forth,Semantic List,ACTION
do not know,¯\_(ツ)_/¯,ASCII art '¯\_(ツ)_/¯' representing do not know,Metaphorical,STATE
very happy,:D,ASCII art ':D' representing very happy,Direct,EMOTION
happy walking,♪~ ᕕ(ᐛ)ᕗ,ASCII art '♪~ ᕕ(ᐛ)ᕗ' representing happy walking,Metaphorical,ACTION
furious face,>:(,ASCII art '>:(' representing furious face,Direct,EMOTION
shattered heart,</3,ASCII art '</3' representing shattered heart,Direct,OBJECT
fading lines,--- - -,ASCII art '--- - -' representing fading lines,Semantic List,OBJECT
sad face,:(,ASCII art ':(' representing sad face,Direct,EMOTION
humble gesture,orz,ASCII art 'orz' representing humble gesture,Direct,ACTION
double point,(☞ﾟヮﾟ)☞,ASCII art '(☞ﾟヮﾟ)☞' representing double point,Metaphorical,ACTION
suggestive look,( ͡° ͜ʖ ͡°),ASCII art '( ͡° ͜ʖ ͡°)' representing suggestive look,Metaphorical,EMOTION
bowing down,orz,ASCII art 'orz' representing bowing down,Direct,ACTION
group sadness,:( :( :(,ASCII art ':( :( :(' representing group sadness,Semantic List,EMOTION
romantic heart,<3,ASCII art '<3' representing romantic heart,Direct,OBJECT
escalating confusion,??? ? ?,ASCII art '??? ? ?' representing escalating confusion,Semantic List,STATE
uncertain,¯\_(ツ)_/¯,ASCII art '¯\_(ツ)_/¯' representing uncertain,Metaphorical,STATE
hot springs,♨,ASCII art '♨' representing hot springs,Single,OBJECT
android smile,(҂◡_◡),ASCII art '(҂◡_◡)' representing android smile,Metaphorical,QUALITY
smiley face,☺,ASCII art '☺' representing smiley face,Single,EMOTION
greeting wave,o/,ASCII art 'o/' representing greeting wave,Direct,ACTION
grateful hands,_/\_,ASCII art '_/\_' representing grateful hands,Direct,ACTION
diamond shape,<>,ASCII art '<>' representing diamond shape,Direct,OBJECT
neutral expression,:-|,ASCII art ':-|' representing neutral expression,Direct,EMOTION
love symbol,♥,ASCII art '♥' representing love symbol,Single,EMOTION
gentle grasp,ლ(╹◡╹ლ),ASCII art 'ლ(╹◡╹ლ)' representing gentle grasp,Metaphorical,ACTION
collected manner,(⌐■_■),ASCII art '(⌐■_■)' representing collected manner,Metaphorical,QUALITY
adding more,+++ + +,ASCII art '+++ + +' representing adding more,Semantic List,ACTION
fading lines,--- - -,ASCII art '--- - -' representing fading lines,Semantic List,OBJECT
pleading hands,_/\_,ASCII art '_/\_' representing pleading hands,Direct,ACTION
calm attitude,(⌐■_■),ASCII art '(⌐■_■)' representing calm attitude,Metaphorical,QUALITY
wide eyed,(◉_◉),ASCII art '(◉_◉)' representing wide eyed,Metaphorical,STATE
finger shooting,(☞ﾟヮﾟ)☞,ASCII art '(☞ﾟヮﾟ)☞' representing finger shooting,Metaphorical,ACTION
many pluses,++++++,ASCII art '++++++' representing many pluses,Reduplication,OBJECT
irritated look,>:(,ASCII art '>:(' representing irritated look,Direct,EMOTION
back and forth,>>> <<<,ASCII art '>>> <<<' representing back and forth,Semantic List,ACTION
unsure,¯\_(ツ)_/¯,ASCII art '¯\_(ツ)_/¯' representing unsure,Metaphorical,STATE
person waving,_o/,ASCII art '_o/' representing person waving,Direct,ACTION
circle pattern,ooo o o,ASCII art 'ooo o o' representing circle pattern,Semantic List,OBJECT
heart symbol,<3,ASCII art '<3' representing heart symbol,Direct,OBJECT
finger point,(☞ﾟヮﾟ)☞,ASCII art '(☞ﾟヮﾟ)☞' representing finger point,Metaphorical,ACTION
resolute attitude,(๑•̀ㅂ•́)و✧,ASCII art '(๑•̀ㅂ•́)و✧' representing resolute attitude,Metaphorical,QUALITY
thankful gesture,_/\_,ASCII art '_/\_' representing thankful gesture,Direct,ACTION
showing strength,ᕦ(ò_óˇ)ᕤ,ASCII art 'ᕦ(ò_óˇ)ᕤ' representing showing strength,Metaphorical,ACTION
continuous laughing,lolololol,ASCII art 'lolololol' representing continuous laughing,Reduplication,EMOTION
stellar symbol,*,ASCII art '*' representing stellar symbol,Direct,OBJECT
dancing happily,〜(￣▽￣〜),ASCII art '〜(￣▽￣〜)' representing dancing happily,Metaphorical,ACTION
bright star,*,ASCII art '*' representing bright star,Direct,OBJECT
extreme frustration,(╯°□°）╯︵ ┻━┻,ASCII art '(╯°□°）╯︵ ┻━┻' representing extreme frustration,Metaphorical,EMOTION
uncertain,¯\_(ツ)_/¯,ASCII art '¯\_(ツ)_/¯' representing uncertain,Metaphorical,STATE
dots pattern,...,ASCII art '...' representing dots pattern,Direct,OBJECT
extremely happy,:D,ASCII art ':D' representing extremely happy,Direct,EMOTION
bar pattern,|| | ||,ASCII art '|| | ||' representing bar pattern,Semantic List,OBJECT
fading lines,--- - -,ASCII art '--- - -' representing fading lines,Semantic List,OBJECT
sly expression,(¬‿¬),ASCII art '(¬‿¬)' representing sly expression,Metaphorical,EMOTION
box shape,[],ASCII art '[]' representing box shape,Direct,OBJECT
group smiling,=) =) =),ASCII art '=) =) =)' representing group smiling,Semantic List,EMOTION
star icon,*,ASCII art '*' representing star icon,Direct,OBJECT
extreme emphasis,!!!!!,ASCII art '!!!!!' representing extreme emphasis,Reduplication,EMOTION
weird fighter,(ง ͠° ͟ل͜ ͡°)ง,ASCII art '(ง ͠° ͟ل͜ ͡°)ง' representing weird fighter,Metaphorical,STATE
envelope symbol,✉,ASCII art '✉' representing envelope symbol,Single,OBJECT
pointing fingers,(☞ﾟヮﾟ)☞,ASCII art '(☞ﾟヮﾟ)☞' representing pointing fingers,Metaphorical,ACTION
wide eyed,(◉_◉),ASCII art '(◉_◉)' representing wide eyed,Metaphorical,STATE
group sadness,:( :( :(,ASCII art ':( :( :(' representing group sadness,Semantic List,EMOTION
laughing loudly,XD,ASCII art 'XD' representing laughing loudly,Direct,EMOTION
disapproval stare,ಠ_ಠ,ASCII art 'ಠ_ಠ' representing disapproval stare,Metaphorical,EMOTION
tears flowing,T_T,ASCII art 'T_T' representing tears flowing,Direct,EMOTION
arrow down,v,ASCII art 'v' representing arrow down,Direct,OBJECT
group sadness,:( :( :(,ASCII art ':( :( :(' representing group sadness,Semantic List,EMOTION
wave pattern,~~ ~ ~~,ASCII art '~~ ~ ~~' representing wave pattern,Semantic List,OBJECT
up and down,^^^ vvv,ASCII art '^^^ vvv' representing up and down,Semantic List,ACTION
crushed heart,</3,ASCII art '</3' representing crushed heart,Direct,OBJECT
envelope symbol,✉,ASCII art '✉' representing envelope symbol,Single,OBJECT
crying sadly,(ಥ﹏ಥ),ASCII art '(ಥ﹏ಥ)' representing crying sadly,Metaphorical,EMOTION
bar pattern,|| | ||,ASCII art '|| | ||' representing bar pattern,Semantic List,OBJECT
prostration,orz,ASCII art 'orz' representing prostration,Direct,ACTION
fast asleep,zzzzzz,ASCII art 'zzzzzz' representing fast asleep,Reduplication,STATE
slash pattern,// / //,ASCII art '// / //' representing slash pattern,Semantic List,OBJECT
hands together,_/\_,ASCII art '_/\_' representing hands together,Direct,ACTION
crushed heart,</3,ASCII art '</3' representing crushed heart,Direct,OBJECT
suave pose,(⌐■_■),ASCII art '(⌐■_■)' representing suave pose,Metaphorical,QUALITY
at symbols,@@@ @ @,ASCII art '@@@ @ @' representing at symbols,Semantic List,OBJECT
many percents,%%%%%%,ASCII art '%%%%%%' representing many percents,Reduplication,OBJECT
victory pose,\o/,ASCII art '\o/' representing victory pose,Direct,ACTION
heartbreak,</3,ASCII art '</3' representing heartbreak,Direct,OBJECT
upset face,>:(,ASCII art '>:(' representing upset face,Direct,EMOTION
guffawing,XD,ASCII art 'XD' representing guffawing,Direct,EMOTION
kissy hug,(づ￣ ³￣)づ,ASCII art '(づ￣ ³￣)づ' representing kissy hug,Metaphorical,ACTION
bar pattern,|| | ||,ASCII art '|| | ||' representing bar pattern,Semantic List,OBJECT
multiple hearts,<3 <3 <3,ASCII art '<3 <3 <3' representing multiple hearts,Semantic List,EMOTION
long equals,======,ASCII art '======' representing long equals,Reduplication,OBJECT
very upset,D:,ASCII art 'D:' representing very upset,Direct,EMOTION
flower girl,(◕‿◕✿),ASCII art '(◕‿◕✿)' representing flower girl,Metaphorical,QUALITY
hands together,_/\_,ASCII art '_/\_' representing hands together,Direct,ACTION
extremely happy,:D,ASCII art ':D' representing extremely happy,Direct,EMOTION
suggestive look,( ͡° ͜ʖ ͡°),ASCII art '( ͡° ͜ʖ ͡°)' representing suggestive look,Metaphorical,EMOTION
deep sleep,zzzzzz,ASCII art 'zzzzzz' representing deep sleep,Reduplication,STATE
backslash pattern,\\ \ \\,ASCII art '\\ \ \\' representing backslash pattern,Semantic List,OBJECT
bar pattern,|| | ||,ASCII art '|| | ||' representing bar pattern,Semantic List,OBJECT
finger guns,(☞ﾟヮﾟ)☞,ASCII art '(☞ﾟヮﾟ)☞' representing finger guns,Metaphorical,ACTION
circle shape,o,ASCII art 'o' representing circle shape,Direct,OBJECT
arrow left,<--,ASCII art '<--' representing arrow left,Direct,OBJECT
grateful hands,_/\_,ASCII art '_/\_' representing grateful hands,Direct,ACTION
crying sadly,(ಥ﹏ಥ),ASCII art '(ಥ﹏ಥ)' representing crying sadly,Metaphorical,EMOTION
back and forth,>>> <<<,ASCII art '>>> <<<' representing back and forth,Semantic List,ACTION
box shape,[],ASCII art '[]' representing box shape,Direct,OBJECT
happy face,:),ASCII art ':)' representing happy face,Direct,EMOTION
group smiling,=) =) =),ASCII art '=) =) =)' representing group smiling,Semantic List,EMOTION
furious face,>:(,ASCII art '>:(' representing furious face,Direct,EMOTION
group sadness,:( :( :(,ASCII art ':( :( :(' representing group sadness,Semantic List,EMOTION
tears of joy,ಥ_ಥ,ASCII art 'ಥ_ಥ' representing tears of joy,Metaphorical,EMOTION
deepening confusion,??? ? ?,ASCII art '??? ? ?' representing deepening confusion,Semantic List,STATE
reverse arrows,<- <-- <---,ASCII art '<- <-- <---' representing reverse arrows,Semantic List,ACTION
astonished,:-O,ASCII art ':-O' representing astonished,Direct,EMOTION
cross mark,✗,ASCII art '✗' representing cross mark,Single,QUALITY
right arrow,-->,ASCII art '-->' representing right arrow,Direct,OBJECT
cross mark,✗,ASCII art '✗' representing cross mark,Single,QUALITY
pure happiness,＼(^o^)／,ASCII art '＼(^o^)／' representing pure happiness,Metaphorical,EMOTION
extremely happy,:D,ASCII art ':D' representing extremely happy,Direct,EMOTION
wide eyed,(◉_◉),ASCII art '(◉_◉)' representing wide eyed,Metaphorical,STATE
finger guns,(☞ﾟヮﾟ)☞,ASCII art '(☞ﾟヮﾟ)☞' representing finger guns,Metaphorical,ACTION
person celebrating,\o_,ASCII art '\o_' representing person celebrating,Direct,ACTION
celebrating gesture,\o/,ASCII art '\o/' representing celebrating gesture,Direct,ACTION
praying hands,_/\_,ASCII art '_/\_' representing praying hands,Direct,ACTION
happy eyes pattern,^^ ^ ^^,ASCII art '^^ ^ ^^' representing happy eyes pattern,Semantic List,EMOTION
wide eyed,(◉_◉),ASCII art '(◉_◉)' representing wide eyed,Metaphorical,STATE
sobbing expression,T_T,ASCII art 'T_T' representing sobbing expression,Direct,EMOTION
shining star,*,ASCII art '*' representing shining star,Direct,OBJECT
disapproval stare,ಠ_ಠ,ASCII art 'ಠ_ಠ' representing disapproval stare,Metaphorical,EMOTION
finger point,(☞ﾟヮﾟ)☞,ASCII art '(☞ﾟヮﾟ)☞' representing finger point,Metaphorical,ACTION
ecstatic,:D,ASCII art ':D' representing ecstatic,Direct,EMOTION
many ups,^^^^^^,ASCII art '^^^^^^' representing many ups,Reduplication,ACTION
hash pattern,###,ASCII art '###' representing hash pattern,Direct,OBJECT
flexing muscles,ᕙ(⇀‸↼‶)ᕗ,ASCII art 'ᕙ(⇀‸↼‶)ᕗ' representing flexing muscles,Metaphorical,ACTION
happy walking,♪~ ᕕ(ᐛ)ᕗ,ASCII art '♪~ ᕕ(ᐛ)ᕗ' representing happy walking,Metaphorical,ACTION
friendly wave,o/,ASCII art 'o/' representing friendly wave,Direct,ACTION
respectful bow,orz,ASCII art 'orz' representing respectful bow,Direct,ACTION
money symbols,$$$ $ $,ASCII art '$$$ $ $' representing money symbols,Semantic List,OBJECT
do not know,¯\_(ツ)_/¯,ASCII art '¯\_(ツ)_/¯' representing do not know,Metaphorical,STATE
cool attitude,(⌐■_■),ASCII art '(⌐■_■)' representing cool attitude,Metaphorical,QUALITY
vertical lines,|||,ASCII art '|||' representing vertical lines,Direct,OBJECT
diamond shape,<>,ASCII art '<>' representing diamond shape,Direct,OBJECT
overjoyed,:D,ASCII art ':D' representing overjoyed,Direct,EMOTION
sad heart,</3,ASCII art '</3' representing sad heart,Direct,OBJECT
jubilant,:D,ASCII art ':D' representing jubilant,Direct,EMOTION
trailing off,... . . .,ASCII art '... . . .' representing trailing off,Semantic List,STATE
broken heart,</3,ASCII art '</3' representing broken heart,Direct,OBJECT
triple excitement,!!! !!! !!!,ASCII art '!!! !!! !!!' representing triple excitement,Semantic List,EMOTION
gentle grasp,ლ(╹◡╹ლ),ASCII art 'ლ(╹◡╹ლ)' representing gentle grasp,Metaphorical,ACTION
fading lines,--- - -,ASCII art '--- - -' representing fading lines,Semantic List,OBJECT
cool gesture,(☞ﾟヮﾟ)☞,ASCII art '(☞ﾟヮﾟ)☞' representing cool gesture,Metaphorical,ACTION
sad symbol,☹,ASCII art '☹' representing sad symbol,Single,EMOTION
kissy hug,(づ￣ ³￣)づ,ASCII art '(づ￣ ³￣)づ' representing kissy hug,Metaphorical,ACTION
pure happiness,＼(^o^)／,ASCII art '＼(^o^)／' representing pure happiness,Metaphorical,EMOTION
arrow right,-->,ASCII art '-->' representing arrow right,Direct,OBJECT
mad face,>:(,ASCII art '>:(' representing mad face,Direct,EMOTION
serious face,(｀・ω・´),ASCII art '(｀・ω・´)' representing serious face,Metaphorical,EMOTION
pointing fingers,(☞ﾟヮﾟ)☞,ASCII art '(☞ﾟヮﾟ)☞' representing pointing fingers,Metaphorical,ACTION
crying face,T_T,ASCII art 'T_T' representing crying face,Direct,EMOTION
plus signs,+++,ASCII art '+++' representing plus signs,Direct,OBJECT
concerned look,(ㆆ_ㆆ),ASCII art '(ㆆ_ㆆ)' representing concerned look,Metaphorical,EMOTION
many percents,%%%%%%,ASCII art '%%%%%%' representing many percents,Reduplication,OBJECT
android smile,(҂◡_◡),ASCII art '(҂◡_◡)' representing android smile,Metaphorical,QUALITY
pointing right,-->,ASCII art '-->' representing pointing right,Direct,OBJECT
amazed,:-O,ASCII art ':-O' representing amazed,Direct,EMOTION
annoyed expression,-_-,ASCII art '-_-' representing annoyed expression,Direct,EMOTION
star pattern,*** ** *,ASCII art '*** ** *' representing star pattern,Semantic List,OBJECT
suggestive look,( ͡° ͜ʖ ͡°),ASCII art '( ͡° ͜ʖ ͡°)' representing suggestive look,Metaphorical,EMOTION
both hands up,\o/,ASCII art '\o/' representing both hands up,Direct,ACTION
person celebrating,\o_,ASCII art '\o_' representing person celebrating,Direct,ACTION
thankful gesture,_/\_,ASCII art '_/\_' representing thankful gesture,Direct,ACTION
weeping face,T_T,ASCII art 'T_T' representing weeping face,Direct,EMOTION
weird fighter,(ง ͠° ͟ل͜ ͡°)ง,ASCII art '(ง ͠° ͟ل͜ ͡°)ง' representing weird fighter,Metaphorical,STATE
overjoyed,:D,ASCII art ':D' representing overjoyed,Direct,EMOTION
collected manner,(⌐■_■),ASCII art '(⌐■_■)' representing collected manner,Metaphorical,QUALITY
cool gesture,(☞ﾟヮﾟ)☞,ASCII art '(☞ﾟヮﾟ)☞' representing cool gesture,Metaphorical,ACTION
money symbols,$$$ $ $,ASCII art '$$$ $ $' representing money symbols,Semantic List,OBJECT
growing confusion,??? ? ?,ASCII art '??? ? ?' representing growing confusion,Semantic List,STATE
arrow right,-->,ASCII art '-->' representing arrow right,Direct,OBJECT
fading lines,--- - -,ASCII art '--- - -' representing fading lines,Semantic List,OBJECT
creepy reach,(つ ͡° ͜ʖ ͡°)つ,ASCII art '(つ ͡° ͜ʖ ͡°)つ' representing creepy reach,Metaphorical,ACTION
disapproval stare,ಠ_ಠ,ASCII art 'ಠ_ಠ' representing disapproval stare,Metaphorical,EMOTION
elated,:D,ASCII art ':D' representing elated,Direct,EMOTION
sly expression,(¬‿¬),ASCII art '(¬‿¬)' representing sly expression,Metaphorical,EMOTION
pointing fingers,(☞ﾟヮﾟ)☞,ASCII art '(☞ﾟヮﾟ)☞' representing pointing fingers,Metaphorical,ACTION
diamond suit,♦,ASCII art '♦' representing diamond suit,Single,OBJECT
neutral expression,:-|,ASCII art ':-|' representing neutral expression,Direct,EMOTION
prayer gesture,_/\_,ASCII art '_/\_' representing prayer gesture,Direct,ACTION
wide eyed,(◉_◉),ASCII art '(◉_◉)' representing wide eyed,Metaphorical,STATE
both hands up,\o/,ASCII art '\o/' representing both hands up,Direct,ACTION
elated,:D,ASCII art ':D' representing elated,Direct,EMOTION
confused look,o_O,ASCII art 'o_O' representing confused look,Direct,EMOTION
cross mark,✗,ASCII art '✗' representing cross mark,Single,QUALITY
creepy reach,(つ ͡° ͜ʖ ͡°)つ,ASCII art '(つ ͡° ͜ʖ ͡°)つ' representing creepy reach,Metaphorical,ACTION
no idea,¯\_(ツ)_/¯,ASCII art '¯\_(ツ)_/¯' representing no idea,Metaphorical,STATE
growing confusion,??? ? ?,ASCII art '??? ? ?' representing growing confusion,Semantic List,STATE
cute smile,(｡◕‿◕｡),ASCII art '(｡◕‿◕｡)' representing cute smile,Metaphorical,EMOTION
annoyed expression,-_-,ASCII art '-_-' representing annoyed expression,Direct,EMOTION
neutral observation,(•_•),ASCII art '(•_•)' representing neutral observation,Metaphorical,STATE
happy face,:),ASCII art ':)' representing happy face,Direct,EMOTION
enraged expression,>:(,ASCII art '>:(' representing enraged expression,Direct,EMOTION
trailing off,... . . .,ASCII art '... . . .' representing trailing off,Semantic List,STATE
peace symbol,☮,ASCII art '☮' representing peace symbol,Single,OBJECT
putting on glasses,( •_•)>⌐■-■,ASCII art '( •_•)>⌐■-■' representing putting on glasses,Metaphorical,ACTION
cool demeanor,(⌐■_■),ASCII art '(⌐■_■)' representing cool demeanor,Metaphorical,QUALITY
hands together,_/\_,ASCII art '_/\_' representing hands together,Direct,ACTION
gentle grasp,ლ(╹◡╹ლ),ASCII art 'ლ(╹◡╹ლ)' representing gentle grasp,Metaphorical,ACTION
adding more,+++ + +,ASCII art '+++ + +' representing adding more,Semantic List,ACTION
broken love,</3,ASCII art '</3' representing broken love,Direct,OBJECT
diamond suit,♦,ASCII art '♦' representing diamond suit,Single,OBJECT
composed look,(⌐■_■),ASCII art '(⌐■_■)' representing composed look,Metaphorical,QUALITY
hands raised,\o/,ASCII art '\o/' representing hands raised,Direct,ACTION
group smiling,=) =) =),ASCII art '=) =) =)' representing group smiling,Semantic List,EMOTION
gentle grasp,ლ(╹◡╹ლ),ASCII art 'ლ(╹◡╹ლ)' representing gentle grasp,Metaphorical,ACTION
weird fighter,(ง ͠° ͟ل͜ ͡°)ง,ASCII art '(ง ͠° ͟ل͜ ͡°)ง' representing weird fighter,Metaphorical,STATE
star struck,*_*,ASCII art '*_*' representing star struck,Direct,EMOTION
very upset,D:,ASCII art 'D:' representing very upset,Direct,EMOTION
energetic dance,♪┏(・o･)┛♪,ASCII art '♪┏(・o･)┛♪' representing energetic dance,Metaphorical,ACTION
wavy line,~~~~~~,ASCII art '~~~~~~' representing wavy line,Reduplication,OBJECT
vertical lines,|||,ASCII art '|||' representing vertical lines,Direct,OBJECT
cheeky wink,;),ASCII art ';)' representing cheeky wink,Direct,EMOTION
envelope symbol,✉,ASCII art '✉' representing envelope symbol,Single,OBJECT
neutral expression,:-|,ASCII art ':-|' representing neutral expression,Direct,EMOTION
amazed,:-O,ASCII art ':-O' representing amazed,Direct,EMOTION
pleading hands,_/\_,ASCII art '_/\_' representing pleading hands,Direct,ACTION
sorrowful face,:(,ASCII art ':(' representing sorrowful face,Direct,EMOTION
looking up repeatedly,^^^ ^^^ ^^^,ASCII art '^^^ ^^^ ^^^' representing looking up repeatedly,Semantic List,ACTION
suave pose,(⌐■_■),ASCII art '(⌐■_■)' representing suave pose,Metaphorical,QUALITY
spade suit,♠,ASCII art '♠' representing spade suit,Single,OBJECT
joyful celebration,╰(*°▽°*)╯,ASCII art '╰(*°▽°*)╯' representing joyful celebration,Metaphorical,EMOTION
flower girl,(◕‿◕✿),ASCII art '(◕‿◕✿)' representing flower girl,Metaphorical,QUALITY
total confusion,?????,ASCII art '?????' representing total confusion,Reduplication,STATE
love struck,(｡♥‿♥｡),ASCII art '(｡♥‿♥｡)' representing love struck,Metaphorical,EMOTION
wave pattern,~~ ~ ~~,ASCII art '~~ ~ ~~' representing wave pattern,Semantic List,OBJECT
double point,(☞ﾟヮﾟ)☞,ASCII art '(☞ﾟヮﾟ)☞' representing double point,Metaphorical,ACTION
cool gesture,(☞ﾟヮﾟ)☞,ASCII art '(☞ﾟヮﾟ)☞' representing cool gesture,Metaphorical,ACTION
both hands up,\o/,ASCII art '\o/' representing both hands up,Direct,ACTION
celebrating gesture,\o/,ASCII art '\o/' representing celebrating gesture,Direct,ACTION
cheering arms,\o/,ASCII art '\o/' representing cheering arms,Direct,ACTION
circle pattern,ooo o o,ASCII art 'ooo o o' representing circle pattern,Semantic List,OBJECT
arrow left,<--,ASCII art '<--' representing arrow left,Direct,OBJECT
thankful gesture,_/\_,ASCII art '_/\_' representing thankful gesture,Direct,ACTION
pointing right,-->,ASCII art '-->' representing pointing right,Direct,OBJECT
heavy emphasis,######,ASCII art '######' representing heavy emphasis,Reduplication,OBJECT
sly expression,(¬‿¬),ASCII art '(¬‿¬)' representing sly expression,Metaphorical,EMOTION
crying face,T_T,ASCII art 'T_T' representing crying face,Direct,EMOTION
winking,;),ASCII art ';)' representing winking,Direct,EMOTION
tearful face,:(,ASCII art ':(' representing tearful face,Direct,EMOTION
many ats,@@@@@@,ASCII art '@@@@@@' representing many ats,Reduplication,OBJECT
do not know,¯\_(ツ)_/¯,ASCII art '¯\_(ツ)_/¯' representing do not know,Metaphorical,STATE
cool dancing,ヾ(⌐■_■)ノ♪,ASCII art 'ヾ(⌐■_■)ノ♪' representing cool dancing,Metaphorical,ACTION
arrow right,-->,ASCII art '-->' representing arrow right,Direct,OBJECT
cross mark,✗,ASCII art '✗' representing cross mark,Single,QUALITY
taken aback,:-O,ASCII art ':-O' representing taken aback,Direct,EMOTION
swaying dance,(~˘▾˘)~,ASCII art '(~˘▾˘)~' representing swaying dance,Metaphorical,ACTION
creepy reach,(つ ͡° ͜ʖ ͡°)つ,ASCII art '(つ ͡° ͜ʖ ͡°)つ' representing creepy reach,Metaphorical,ACTION
many stars,******,ASCII art '******' representing many stars,Reduplication,OBJECT
fading lines,--- - -,ASCII art '--- - -' representing fading lines,Semantic List,OBJECT
don't know,¯\_(ツ)_/¯,ASCII art '¯\_(ツ)_/¯' representing don't know,Metaphorical,STATE
happy eyes,^_^,ASCII art '^_^' representing happy eyes,Direct,EMOTION
swaying dance,(~˘▾˘)~,ASCII art '(~˘▾˘)~' representing swaying dance,Metaphorical,ACTION
gentle grasp,ლ(╹◡╹ლ),ASCII art 'ლ(╹◡╹ლ)' representing gentle grasp,Metaphorical,ACTION
farewell wave,o/,ASCII art 'o/' representing farewell wave,Direct,ACTION
thankful gesture,_/\_,ASCII art '_/\_' representing thankful gesture,Direct,ACTION
suave pose,(⌐■_■),ASCII art '(⌐■_■)' representing suave pose,Metaphorical,QUALITY
elated,:D,ASCII art ':D' representing elated,Direct,EMOTION
gentle grasp,ლ(╹◡╹ლ),ASCII art 'ლ(╹◡╹ლ)' representing gentle grasp,Metaphorical,ACTION
adorable face,(◕‿◕),ASCII art '(◕‿◕)' representing adorable face,Metaphorical,EMOTION
content smile,=),ASCII art '=)' representing content smile,Direct,EMOTION
sly expression,(¬‿¬),ASCII art '(¬‿¬)' representing sly expression,Metaphorical,EMOTION
finger shooting,(☞ﾟヮﾟ)☞,ASCII art '(☞ﾟヮﾟ)☞' representing finger shooting,Metaphorical,ACTION
many pluses,++++++,ASCII art '++++++' representing many pluses,Reduplication,OBJECT
wavy line,~~~~~~,ASCII art '~~~~~~' representing wavy line,Reduplication,OBJECT
finger shooting,(☞ﾟヮﾟ)☞,ASCII art '(☞ﾟヮﾟ)☞' representing finger shooting,Metaphorical,ACTION
finger shooting,(☞ﾟヮﾟ)☞,ASCII art '(☞ﾟヮﾟ)☞' representing finger shooting,Metaphorical,ACTION
pointing back,☜(ﾟヮﾟ☜),ASCII art '☜(ﾟヮﾟ☜)' representing pointing back,Metaphorical,ACTION
crying pattern,TT T TT,ASCII art 'TT T TT' representing crying pattern,Semantic List,EMOTION
determined spirit,(๑•̀ㅂ•́)و✧,ASCII art '(๑•̀ㅂ•́)و✧' representing determined spirit,Metaphorical,QUALITY
flower girl,(◕‿◕✿),ASCII art '(◕‿◕✿)' representing flower girl,Metaphorical,QUALITY
adding more,+++ + +,ASCII art '+++ + +' representing adding more,Semantic List,ACTION
multiple questions,??? ??? ???,ASCII art '??? ??? ???' representing multiple questions,Semantic List,STATE
sound sleep,zzzzzz,ASCII art 'zzzzzz' representing sound sleep,Reduplication,STATE
back and forth,>>> <<<,ASCII art '>>> <<<' representing back and forth,Semantic List,ACTION
clueless,¯\_(ツ)_/¯,ASCII art '¯\_(ツ)_/¯' representing clueless,Metaphorical,STATE
slash pattern,// / //,ASCII art '// / //' representing slash pattern,Semantic List,OBJECT
upset face,>:(,ASCII art '>:(' representing upset face,Direct,EMOTION
backslash pattern,\\ \ \\,ASCII art '\\ \ \\' representing backslash pattern,Semantic List,OBJECT
joyful celebration,╰(*°▽°*)╯,ASCII art '╰(*°▽°*)╯' representing joyful celebration,Metaphorical,EMOTION
heart shape,<3,ASCII art '<3' representing heart shape,Direct,OBJECT
increasing confusion,??? ? ?,ASCII art '??? ? ?' representing increasing confusion,Semantic List,STATE
heavy emphasis,######,ASCII art '######' representing heavy emphasis,Reduplication,OBJECT
ampersands,&&& & &,ASCII art '&&& & &' representing ampersands,Semantic List,OBJECT
hands raised,\o/,ASCII art '\o/' representing hands raised,Direct,ACTION
laughing hard,XD,ASCII art 'XD' representing laughing hard,Direct,EMOTION
enraged expression,>:(,ASCII art '>:(' representing enraged expression,Direct,EMOTION
thankful gesture,_/\_,ASCII art '_/\_' representing thankful gesture,Direct,ACTION
star symbol,*,ASCII art '*' representing star symbol,Direct,OBJECT
waving hand,o/,ASCII art 'o/' representing waving hand,Direct,ACTION
love symbol,♥,ASCII art '♥' representing love symbol,Single,EMOTION
creepy reach,(つ ͡° ͜ʖ ͡°)つ,ASCII art '(つ ͡° ͜ʖ ͡°)つ' representing creepy reach,Metaphorical,ACTION
waving hand,o/,ASCII art 'o/' representing waving hand,Direct,ACTION
raising hand,\o,ASCII art '\o' representing raising hand,Direct,ACTION
increasing confusion,??? ? ?,ASCII art '??? ? ?' representing increasing confusion,Semantic List,STATE
star struck,*_*,ASCII art '*_*' representing star struck,Direct,EMOTION
increasing confusion,??? ? ?,ASCII art '??? ? ?' representing increasing confusion,Semantic List,STATE
heart shape,<3,ASCII art '<3' representing heart shape,Direct,OBJECT
circle pattern,ooo o o,ASCII art 'ooo o o' representing circle pattern,Semantic List,OBJECT
neutral face,:|,ASCII art ':|' representing neutral face,Direct,EMOTION
dancing happily,〜(￣▽￣〜),ASCII art '〜(￣▽￣〜)' representing dancing happily,Metaphorical,ACTION
long line,------,ASCII art '------' representing long line,Reduplication,OBJECT
crushed heart,</3,ASCII art '</3' representing crushed heart,Direct,OBJECT
offering hug,(っ◔◡◔)っ,ASCII art '(っ◔◡◔)っ' representing offering hug,Metaphorical,ACTION
swaying dance,(~˘▾˘)~,ASCII art '(~˘▾˘)~' representing swaying dance,Metaphorical,ACTION
finger guns,(☞ﾟヮﾟ)☞,ASCII art '(☞ﾟヮﾟ)☞' representing finger guns,Metaphorical,ACTION
waving hand,o/,ASCII art 'o/' representing waving hand,Direct,ACTION
slumbering,zzzzzz,ASCII art 'zzzzzz' representing slumbering,Reduplication,STATE
extreme laughter,XDXDXD,ASCII art 'XDXDXD' representing extreme laughter,Reduplication,EMOTION
cute smile,(｡◕‿◕｡),ASCII art '(｡◕‿◕｡)' representing cute smile,Metaphorical,EMOTION
hash pattern,###,ASCII art '###' representing hash pattern,Direct,OBJECT
star struck,*_*,ASCII art '*_*' representing star struck,Direct,EMOTION
swaying dance,(~˘▾˘)~,ASCII art '(~˘▾˘)~' representing swaying dance,Metaphorical,ACTION
cool dancing,ヾ(⌐■_■)ノ♪,ASCII art 'ヾ(⌐■_■)ノ♪' representing cool dancing,Metaphorical,ACTION
cool gesture,(☞ﾟヮﾟ)☞,ASCII art '(☞ﾟヮﾟ)☞' representing cool gesture,Metaphorical,ACTION
greeting wave,o/,ASCII art 'o/' representing greeting wave,Direct,ACTION
sound sleep,zzzzzz,ASCII art 'zzzzzz' representing sound sleep,Reduplication,STATE
many pluses,++++++,ASCII art '++++++' representing many pluses,Reduplication,OBJECT
pure happiness,＼(^o^)／,ASCII art '＼(^o^)／' representing pure happiness,Metaphorical,EMOTION
mad face,>:(,ASCII art '>:(' representing mad face,Direct,EMOTION
steadfast spirit,(๑•̀ㅂ•́)و✧,ASCII art '(๑•̀ㅂ•́)و✧' representing steadfast spirit,Metaphorical,QUALITY
box shape,[],ASCII art '[]' representing box shape,Direct,OBJECT
cool demeanor,(⌐■_■),ASCII art '(⌐■_■)' representing cool demeanor,Metaphorical,QUALITY
gentle smile,(✿◠‿◠),ASCII art '(✿◠‿◠)' representing gentle smile,Metaphorical,EMOTION
disapproval stare,ಠ_ಠ,ASCII art 'ಠ_ಠ' representing disapproval stare,Metaphorical,EMOTION
club suit,♣,ASCII art '♣' representing club suit,Single,OBJECT
continuous laughing,lolololol,ASCII art 'lolololol' representing continuous laughing,Reduplication,EMOTION
